cluster_id,bracket_content,normalized_content,count,token_text,platform_counts,keyword_counts_top8,sample_titles
bracket_001,미개봉,미개봉,33,미개봉,번개장터:21 | 중고나라:12,아이폰 16:12 | 갤럭시 s26 울트라:8 | 갤럭시 s26:4 | 아이폰 17e:3 | 아이폰 17:2 | 아이폰 17 프로 맥스:1 | 아이폰 17 프로:1 | 갤럭시 s25 플러스:1,[미개봉] 직94) 아이폰17e 256GB 자급제 | 아이폰17 Pro Max MagSafe [정품] 투명 케이스[미개봉] | [미개봉] 아이폰17e 256GB 자급제 팝니다. | [미개봉] 벨킨 울트라 강화유리 아이폰17 프로맥스용 | [미개봉]케이스티파이 아이폰17 프로 파워퍼프걸 블로섬 케이스
bracket_001,미사용/새상품,미사용/새상품,21,미사용 새상품,번개장터:21,아이폰 17 프로:8 | 갤럭시 s26:6 | 아이폰 17e:2 | 아이폰 17 프로 맥스:2 | 갤럭시 s26 울트라:2 | 갤럭시 s26 엣지:1,"[미사용/새상품]아이폰17E 재고정리 할인 [13,14,15,16,프로] | [미사용/새상품]아이폰16E 재고정리 할인 [13,14,15,17,프로] | [미사용/새상품]아이폰17프로맥스 재고정리 할인 [13,14,15,16] | [미사용/새상품]아이폰16프로맥스 재고정리 할인 [13,14,15,17] | [미사용/새상품]아이폰17에어 재고정리 할인[13,14,15,16,프로]"
bracket_001,새상품,새상품,21,새상품,번개장터:17 | 중고나라:4,아이폰 16:9 | 아이폰 17:4 | 아이폰 17e:3 | 아이폰 17 프로 맥스:2 | 갤럭시 s26:1 | 갤럭시 s25 플러스:1 | 갤럭시 s25:1,"[새상품]아이폰17프로 casetify케이스티파이iPhone17pro | [새상품]아이폰17프로맥스 케이스티파이 주토피아 | [새상품] 아이폰 17프로맥스 맥세이프 케이스 | [ 새상품 ] 아이폰 17 폰케이스 | [새상품] 아이폰17 맥세이프 링 스탠드 케이스, 핸드폰 거치대"
bracket_001,할인특가/미사용,할인특가/미사용,19,할인특가 미사용,번개장터:19,아이폰 17 프로:6 | 갤럭시 s26:6 | 갤럭시 s26 울트라:3 | 아이폰 17 프로 맥스:2 | 아이폰 17:2,"[할인특가/미사용]아이폰17프로맥스 판매합니다+13,14,15,16시리즈 | [할인특가/미사용]아이폰16프로맥스 판매합니다+13,14,15,17시리즈 | [할인특가/미사용]아이폰16프로 판매합니다 +13,14,15,17시리즈 | [할인특가/미사용]아이폰16 판매합니다 +13,14,15,17,프로시리즈 | [할인특가/미사용]아이폰17프로 판매합니다 +13,14,15,16시리즈"
bracket_001,새제품,새제품,10,새제품,중고나라:5 | 번개장터:5,아이폰 16:6 | 아이폰 17 프로 맥스:2 | 갤럭시 s26 울트라:1 | 갤럭시 s26:1,아이폰17 프로맥스 맥세이프 정품케이스 [새제품] | [새제품]케이스티파이 주토피아 닉 아이폰17프로맥스 | [새제품] 케이스티파이 카메라 렌즈 프로텍터 아이폰16/16플러스 | [새제품] 케이스티파이 임팩트 HD 액정 보호 필름 아이폰16 | [새제품] 아이폰16프로맥스 생폰 케이스 제트스킨 나노슬림 유광
bracket_001,미개봉 자급제,미개봉 자급제,7,미개봉 자급제,중고나라:6 | 번개장터:1,갤럭시 s26:4 | 아이폰 17:1 | 갤럭시 s26 울트라:1 | 갤럭시 s25:1,[미개봉 자급제]애플 아이폰 17 512g 화이트/블랙 | [[[미개봉 자급제]]] 갤럭시s26울트라 512G 화이트 | [미개봉 자급제] 갤럭시 s26 512기가 새제품 | [미개봉 자급제] 갤럭시 s26 512기가 정품 케이스 충전기 드림 | 삼성스토어에서구입 [미개봉 자급제] 갤럭시 s25 256기가 새제품
bracket_001,정품,정품,7,정품,번개장터:6 | 중고나라:1,아이폰 16:5 | 아이폰 17e:1 | 아이폰 17 프로 맥스:1,아이폰17 Pro Max MagSafe [정품] 투명 케이스[미개봉] | [정품] 아이폰 17프로맥스맥세이프케이스 (카메라 컨트롤 지원) | [정품] 케이스티파이 텔레토비 아이폰16 케이스 | [정품] 아이폰16프로 DIY 꾸미기 케이스 | [정품]케이스티파이 아이폰16프로 맥세이프 호환 임팩트 링 스탠드 케이스
bracket_001,"미개봉,새상품","미개봉,새상품",6,미개봉 새상품,번개장터:6,갤럭시 s26:3 | 아이폰 17 프로:1 | 아이폰 17:1 | 갤럭시 s26 엣지:1,"[미개봉,새상품]아이폰17프로 256G | [미개봉,새상품]아이폰17 256G | [미개봉,새상품]갤럭시 S25 엣지 256기가 특판 | [미개봉,새상품]갤럭시S26/256GB | [미개봉,새상품]갤럭시 S25FE 256G"
bracket_001,자급제,자급제,6,자급제,중고나라:5 | 번개장터:1,아이폰 16:2 | 갤럭시 s26 울트라:2 | 갤럭시 s26:1 | 갤럭시 s25 플러스:1,"[자급제]아이폰 16프로맥스 화이트 512GB 풀박스 | [자급제] 아이폰 16 256GB 단순개봉 팝니다 | [자급제] 갤럭시 S26 울트라 512 코발트 바이올렛 | [자급제] 갤럭시 S26 울트라 512GB 블랙 | 삼성전자 갤럭시 S26 5G [자급제] 256GB, 12GB, 화이트"
bracket_001,"미개봉,새제품","미개봉,새제품",5,미개봉 새제품,중고나라:5,갤럭시 s25:2 | 아이폰 17 프로:1 | 아이폰 17:1 | 아이폰 16:1,"[미개봉,새제품]아이폰17프로 256G | [미개봉,새제품]아이폰17 256G | [미개봉,새제품]아이폰16프로 256G | [미개봉,새제품]갤럭시S25엣지 256G | [미개봉,새제품]갤럭시S25 특가"
bracket_001,미사용/특가,미사용/특가,5,미사용 특가,번개장터:5,갤럭시 s26:2 | 아이폰 17 프로:1 | 아이폰 17:1 | 갤럭시 s26 울트라:1,[미사용/특가] 아이폰17프로 번개장터 안전거래 가능 | [미사용/특가] 아이폰17 번개장터 안전거래 가능 | [미사용/특가] 갤럭시 S26울트라 번개장터 안전거래 가능 | [미사용/특가] 갤럭시 S26 번개장터 안전거래 가능 | [미사용/특가] 갤럭시 S26 플러스 번개장터 안전거래 가능
bracket_001,새상품/미개봉/정품/애케플,새상품/미개봉/정품/애케플,5,새상품 미개봉 정품 애케플,번개장터:5,아이폰 16:5,아이폰16플러스128기가 [새상품/미개봉/정품/애케플] | [Lgu+]아이폰16프로맥스256기가[새상품/미개봉/정품/애케플] | [알뜰폰]아이폰16프로맥스256기가 [새상품/미개봉/정품/애케플] | [SKT]아이폰16프로맥스 256기가 [새상품/미개봉/정품/애케플] | [SKT]아이폰16프로128기가 [새상품/미개봉/정품/애케플]
bracket_001,미개봉/새상품,미개봉/새상품,4,미개봉 새상품,번개장터:3 | 중고나라:1,아이폰 16:4,[미개봉/새상품]아이폰16프로맥스/16PROMAX/16프로 | [미개봉/새상품]아이폰16/16플러스 전색상입고 | [미개봉/새상품] 애플정품 아이폰16 프로 맥스 맥세이프 투명 케이스 | [미개봉/새상품]애플 정품 아이폰 16프로맥스 맥세이프 투명케이스
bracket_001,"미개봉,정품,새상품,삼성케어","미개봉,정품,새상품,삼성케어",3,미개봉 정품 새상품 삼성케어,번개장터:3,갤럭시 s26:2 | 갤럭시 s26 울트라:1,"[미개봉,정품,새상품,삼성케어]갤럭시s26울트라/256GB | [미개봉,정품,새상품,삼성케어]갤럭시S26플러스/256GB | [미개봉,정품,새상품,삼성케어]갤럭시s26/256GB"
bracket_001,미개봉/정품/삼성케어,미개봉/정품/삼성케어,3,미개봉 정품 삼성케어,번개장터:3,갤럭시 s25:2 | 갤럭시 s25 울트라:1,갤럭시s25울트라[미개봉/정품/삼성케어]1년에 딱한번 갤럭시 저렴한시기 | 갤럭시s25엣지[미개봉/정품/삼성케어]1년에 딱한번 갤럭시 저렴한시기 | 갤럭시s25[미개봉/정품/삼성케어]1년에 딱한번 갤럭시 저렴한시기
bracket_001,삼성전자,삼성전자,3,삼성전자,번개장터:3,갤럭시 s25:2 | 갤럭시 s26:1,갤럭시S24/256GB[삼성전자] | [삼성전자]갤럭시S24 마지막 재고정리 S25출시기념 선착이벤트 | [삼성전자]신제품 갤럭시S25/갤럭시S25FE 미개봉/새상품
bracket_001,미개봉/새상품/정품/애플케어,미개봉/새상품/정품/애플케어,2,미개봉 새상품 정품 애플케어,번개장터:2,아이폰 16:2,아이폰16e[미개봉/새상품/정품/애플케어]1년에 딱 한번 아이폰저렴한시기 | 아이폰16[미개봉/새상품/정품/애플케어]1년에 딱한번 아이폰 저렴한시기]
bracket_001,미개봉/새제품,미개봉/새제품,2,미개봉 새제품,번개장터:1 | 중고나라:1,아이폰 16:1 | 갤럭시 s25:1,[미개봉/새제품] 애플 아이폰 16 프로 뉴미셀 코모도 가드 젤리 케이스 | [미개봉/새제품] 갤럭시 S25 256GB 아이스블루 판매합니다 (선약가능/유심기변)
bracket_001,미개봉/자급제,미개봉/자급제,2,미개봉 자급제,중고나라:2,아이폰 17e:1 | 갤럭시 s26 울트라:1,[미개봉/자급제] 아이폰 17e 256GB 블랙 | [미개봉/자급제] 갤럭시 S26 울트라 512GB 화이트 판매 및 교환
bracket_001,미개봉/정품/애플케어,미개봉/정품/애플케어,2,미개봉 정품 애플케어,번개장터:2,아이폰 16:2,아이폰16프로맥스[미개봉/정품/애플케어]1년에 딱한번 아이폰 저렴한시기] | 아이폰16프로 [미개봉/정품/애플케어]1년에 딱한번 아이폰 저렴한시기]
bracket_001,새상품/미개봉/정품,새상품/미개봉/정품,2,새상품 미개봉 정품,번개장터:2,아이폰 16:2,[새상품/미개봉/정품]아이폰16프로맥스 | [프로 할인]아이폰16프로[새상품/미개봉/정품]
bracket_001,새상품/완납폰,새상품/완납폰,2,새상품 완납폰,번개장터:2,갤럭시 s25 플러스:1 | 갤럭시 s25:1,[새상품/완납폰]갤럭시S25/S25플러스/S25울트라 쓰던 유심 그대로 | [새상품/완납폰]갤럭시S25FE 알뜰/정규 통신사 관계없이 구매가능
bracket_001,자급제 미사용,자급제 미사용,2,자급제 미사용,중고나라:2,아이폰 17:1 | 갤럭시 s26 울트라:1,아이폰17 256g 판매합니다. [자급제 미사용] | 갤럭시s26울트라 256g 판매합니다.[자급제 미사용]
bracket_001,256기가/전색상입고/새상품/미개봉/정품/애플코리아,256기가/전색상입고/새상품/미개봉/정품/애플코리아,1,256기가 전색상입고 새상품 미개봉 정품 애플코리아,번개장터:1,아이폰 16:1,아이폰16E[256기가/전색상입고/새상품/미개봉/정품/애플코리아]
bracket_001,SSS급/자급제,SSS급/자급제,1,sss급 자급제,중고나라:1,갤럭시 s25 울트라:1,[SSS급/자급제] 갤럭시 S25 울트라 512 실버블루
bracket_001,단순개봉 새상품,단순개봉 새상품,1,단순개봉 새상품,번개장터:1,아이폰 16:1,[단순개봉 새상품] 아이폰16프로 256GB 자급제 판매
bracket_001,대전/자급제/미개봉,대전/자급제/미개봉,1,대전 자급제 미개봉,번개장터:1,갤럭시 s26 울트라:1,[대전/자급제/미개봉] 갤럭시S26울트라 512G 새상품 판매
bracket_001,미개봉 새제품,미개봉 새제품,1,미개봉 새제품,번개장터:1,아이폰 16:1,[미개봉 새제품] 케이스티파이 아이폰 16프로맥스 페리윙클 리플케이스
bracket_001,"미개봉,새상품,정품,애플케어","미개봉,새상품,정품,애플케어",1,미개봉 새상품 정품 애플케어,번개장터:1,아이폰 17e:1,"[미개봉,새상품,정품,애플케어]아이폰17e/256GB"
bracket_001,"미개봉,새상퓸","미개봉,새상퓸",1,미개봉 새상퓸,번개장터:1,갤럭시 s26:1,"[미개봉,새상퓸]갤럭시 S26 256GB"
bracket_001,"미개봉,정품,삼성케어","미개봉,정품,삼성케어",1,미개봉 정품 삼성케어,번개장터:1,갤럭시 s26 울트라:1,"[미개봉,정품,삼성케어]갤럭시s26/갤럭시s26플러스/갤럭시s26울트라"
bracket_001,"미개봉,정품,새상품,애플케어","미개봉,정품,새상품,애플케어",1,미개봉 정품 새상품 애플케어,번개장터:1,아이폰 17e:1,"[미개봉,정품,새상품,애플케어]아이폰17e/256GB"
bracket_001,미개봉/삼성전자,미개봉/삼성전자,1,미개봉 삼성전자,번개장터:1,갤럭시 s25:1,[미개봉/삼성전자]갤럭시S25 일반
bracket_001,미개봉/전색상/Apple,미개봉/전색상/Apple,1,미개봉 전색상 apple,번개장터:1,아이폰 16:1,[미개봉/전색상/Apple]아이폰16일반/아이폰16플러스
bracket_001,미개봉/정품/새상품,미개봉/정품/새상품,1,미개봉 정품 새상품,번개장터:1,아이폰 17e:1,아이폰17e[미개봉/정품/새상품]
bracket_001,미사용,미사용,1,미사용,중고나라:1,갤럭시 s25 울트라:1,갤럭시S25울트라 실리콘케이스 삼성정품[미사용]
bracket_001,미사용/정품/새상품,미사용/정품/새상품,1,미사용 정품 새상품,번개장터:1,아이폰 16:1,아이폰16플러스[미사용/정품/새상품]apple care+
bracket_001,미사용/풀박스,미사용/풀박스,1,미사용 풀박스,번개장터:1,아이폰 16:1,[미사용/풀박스]아이폰16프로 모음
bracket_001,삼성전자 새상품,삼성전자 새상품,1,삼성전자 새상품,번개장터:1,갤럭시 s25 울트라:1,[제휴카드]갤럭시S25 울트라[삼성전자 새상품]
bracket_001,삼성전자 정품,삼성전자 정품,1,삼성전자 정품,번개장터:1,갤럭시 s25 울트라:1,[삼성전자 정품]갤럭시S25울트라 전색상 특가
bracket_001,삼성전자/미개봉/특가,삼성전자/미개봉/특가,1,삼성전자 미개봉 특가,번개장터:1,갤럭시 s25 플러스:1,[삼성전자/미개봉/특가]갤럭시S25플러스
bracket_001,삼성전자/정품,삼성전자/정품,1,삼성전자 정품,번개장터:1,갤럭시 s25 울트라:1,[삼성전자/정품]갤럭시S25울트라 미개봉 신제품 새상품
bracket_001,삼성케어/미개봉/정품,삼성케어/미개봉/정품,1,삼성케어 미개봉 정품,번개장터:1,갤럭시 s25:1,갤럭시S25엣지/갤럭시S25Edge[삼성케어/미개봉/정품]
bracket_001,새상품 풀박스,새상품 풀박스,1,새상품 풀박스,번개장터:1,아이폰 16:1,[새상품 풀박스]정가8.3 아이폰 16pro 케이스티파이 맥세이프 케이스
bracket_001,새상품/완납폰/제휴카드X,새상품/완납폰/제휴카드X,1,새상품 완납폰 제휴카드x,번개장터:1,아이폰 16:1,[새상품/완납폰/제휴카드X]아이폰16E 쓰던 유심 그대로 교체
bracket_001,완납폰,완납폰,1,완납폰,번개장터:1,아이폰 16:1,[완납폰]아이폰16[E/일반/플러스/프로/프로맥스]쓰던 유심 그대로 교체
bracket_001,전색상/미개봉/새상품/애플정품,전색상/미개봉/새상품/애플정품,1,전색상 미개봉 새상품 애플정품,번개장터:1,아이폰 16:1,[KT]아이폰16프로[전색상/미개봉/새상품/애플정품]
bracket_002,A급/배터리100%,A급/배터리100%,15,a급 배터리100,번개장터:15,아이폰 16:15,[A급/배터리100%] 아이폰6 16GB 스페이스그레이 | [A급/배터리100%] 아이폰6 16GB~128GB 스페이스그레이 | [A급/배터리100%] 아이폰6s 16GB 스페이스그레이 | [A급/배터리100%] 아이폰5s 16GB~64GB 골드/실버/스그 | [A급/배터리100%] 아이폰5s 16GB 스페이스그레이
bracket_002,당일발송,당일발송,15,당일발송,번개장터:15,아이폰 16:15,"[당일발송] 아이폰5S 16GB (3color) | [당일발송] 아이폰6s 16GB~128GB 골드 | [당일발송] 아이폰5~8 16GB~256GB (7color) | [당일발송]아이폰6 /16,32,64GB 실버 / 스그 / 골드 | [당일발송]아이폰6 /16,32,64,128GB /(3color)"
bracket_002,특가할인/배터리100%,특가할인/배터리100%,12,특가할인 배터리100,번개장터:12,아이폰 16:12,[특가할인/배터리100%] 아이폰6s 16GB 스페이스그레이 | [특가할인/배터리100%] 아이폰6 16GB~128GB 스페이스그레이 | [특가할인/배터리100%] 아이폰5s 16GB 골드/실버/스페이스그레이 | [특가할인/배터리100%] 아이폰6s 16GB 골드 | [특가할인/배터리100%] 아이폰6 16GB 스페이스그레이
bracket_002,배터리100%,배터리100%,10,배터리100,번개장터:10,아이폰 16:9 | 아이폰 17:1,"[배터리100%] 아이폰13 128기가 부산중고폰 01770김해 춘천 | [배터리100%]아이폰5s 16GB 32GB 64GB (3color) | [배터리100%]아이폰6 16,32,128GB (3color) | [배터리100%]아이폰6 16GB 32GB 64GB (3color) | [배터리100%] 아이폰 16e 128gb 화이트색상 S급"
bracket_002,A급/당일발송,A급/당일발송,6,a급 당일발송,번개장터:6,아이폰 16:6,[A급/당일발송] 아이폰6 16GB 실버/스페이스그레이 | [A급/당일발송] 아이폰6s Plus 16GB~128GB (4color) | [A급/당일발송] 아이폰6 16GB 골드/실버/스페이스그레이 | [A급/당일발송] 아이폰6s 16GB 스페이스그레이 | [A급/당일발송] 아이폰6s Puls 16GB~128GB (4color)
bracket_002,바로배송|배터리100%,바로배송|배터리100%,6,바로배송 배터리100,번개장터:6,아이폰 16:6,[바로배송|배터리100%]아이폰6s 16GB 스페이스 그레이 | [바로배송|배터리100%]SS급 아이폰6 16GB 실버 | [바로배송|배터리100%]SS급 아이폰6 16GB 스페이스 그레이 | [바로배송|배터리100%]아이폰6s 16GB (4color)
bracket_002,특가할인,특가할인,5,특가할인,번개장터:5,아이폰 16:5,[특가할인] 아이폰5s 16GB 골드/실버/스페이스그레이 | [특가할인] 아이폰5~8 16GB~128GB (7color) | [특가할인] 아이폰5 16GB 실버/블랙
bracket_002,한정특가/배터리100%,한정특가/배터리100%,5,한정특가 배터리100,번개장터:5,아이폰 16:5,[한정특가/배터리100%] 아이폰6 16GB 64GB 골드/스페이스그레이 | [한정특가/배터리100%] 아이폰6 16GB 골드/스페이스그레이 | [한정특가/배터리100%] 아이폰6 16GB~128GB (3color) | [한정특가/배터리100%] 아이폰6 16GB~128GB 실버/스그 | [한정특가/배터리100%] 아이폰6 16GB 골드/실버/스페이스그레이
bracket_002,한정특가,한정특가,3,한정특가,번개장터:3,아이폰 16:3,[한정특가]아이폰5s 16GB 스페이스 그레이
bracket_002,당일발송|배터리100%,당일발송|배터리100%,2,당일발송 배터리100,번개장터:2,아이폰 16:2,[당일발송|배터리100%]아이폰6 16GB 실버 975091 | [당일발송|배터리100%]아이폰6 16GB 스페이스 그레이 420800
bracket_002,바로배송,바로배송,2,바로배송,번개장터:2,아이폰 16:2,[바로배송]아이폰6 16G (3color)실버/스페이스그레이/골드 | [바로배송]아이폰6 16GB (3color) 스그/골드/실버
bracket_002,한정특가|배터리100%,한정특가|배터리100%,2,한정특가 배터리100,번개장터:2,아이폰 16:2,[한정특가|배터리100%]아이폰6s 16GB 스페이스 그레이
bracket_002,SS급/당일발송,SS급/당일발송,1,ss급 당일발송,번개장터:1,아이폰 16:1,[SS급/당일발송] 아이폰6 16GB 실버/스페이스그레이
bracket_002,SS급/배터리100%,SS급/배터리100%,1,ss급 배터리100,번개장터:1,아이폰 16:1,[SS급/배터리100%] 아이폰6 16GB 실버/스페이스그레이
bracket_002,당일발송/할인상품,당일발송/할인상품,1,당일발송 할인상품,번개장터:1,아이폰 17:1,[당일발송/할인상품]아이폰7 32GB 실버 381735
bracket_002,배터리100,배터리100,1,배터리100,번개장터:1,아이폰 17:1,[배터리100] S급 아이폰 17 에어 화이트 512GB 풀박스
bracket_002,특가할인/당일발송,특가할인/당일발송,1,특가할인 당일발송,번개장터:1,아이폰 16:1,[특가할인/당일발송] 아이폰5~8 16GB~128GB (7color)
bracket_003,리퍼급,리퍼급,61,리퍼급,번개장터:61,갤럭시 s26:61,[리퍼급]갤럭시S23 최상급컨디션 256G 라벤더 공기계 중고폰 | [리퍼급]갤럭시S21 최상급컨디션 256G 화이트 공기계 중고폰 | [리퍼급]갤럭시S22 최상급컨디션 256G 화이트 공기계 중고폰 | [리퍼급]갤럭시S21 최상급컨디션 256G 블랙 공기계 중고폰 | [리퍼급]갤럭시S22 최상급컨디션 256G 블랙 공기계 중고폰
bracket_004,01272,01272,34,01272,번개장터:34,갤럭시 s26:34,[01272] 당일발송 갤럭시S25 S931 256GB 블루쉐도우 무잔상
bracket_005,S급,S급,17,s급,번개장터:15 | 중고나라:2,갤럭시 s26:9 | 갤럭시 s26 울트라:4 | 갤럭시 s25:4,[S급] 갤럭시 S21 울트라 256G 화이트 [23364] | [S급] 갤럭시S21 울트라 256G 블랙 [18520] | [S급] 갤럭시 S23 256G 크림 [23462] | [S급] 갤럭시 S23 256G 핑크 [19237] | [S급] 갤럭시 S21 256G 화이트 [24709]
bracket_005,S급/풀박스,S급/풀박스,2,s급 풀박스,번개장터:2,아이폰 17 프로:1 | 갤럭시 s26 울트라:1,[S급/풀박스] 아이폰 17 프로 블루 티타늄 512GB | [S급/풀박스] 갤럭시 s24울트라 256g
bracket_005,S급|소량입고,S급|소량입고,1,s급 소량입고,번개장터:1,아이폰 16:1,[S급|소량입고]아이폰6s 16GB / 스페이스그레이
bracket_005,소량입고,소량입고,1,소량입고,번개장터:1,아이폰 16:1,[소량입고]아이폰6s 16GB/32GB/128GB
bracket_006,00866,00866,18,00866,번개장터:18,갤럭시 s26 울트라:18,[00866] 당일발송 갤럭시S25울트라 S938 512GB 무잔상 블랙
bracket_007,01162,01162,18,01162,번개장터:18,아이폰 16:18,[01162] 당일발송 아이폰16e 128GB 블랙 무잔상 새상품급 배터
bracket_008,01231,01231,18,01231,번개장터:18,갤럭시 s25 울트라:18,[01231] 당일발송 갤럭시S23울트라 S918 512GB 올리브그린
bracket_009,01298,01298,18,01298,번개장터:18,갤럭시 s26:18,[01298] 당일발송 갤럭시S24FE S721 256GB 블랙 외관 깨
bracket_010,01334,01334,18,01334,번개장터:18,갤럭시 s26:18,[01334] 당일발송 갤럭시S24 256GB 무잔상 새상품급 엠버옐로우
bracket_011,00133,00133,17,00133,번개장터:17,갤럭시 s26:17,[00133] 당일발송 갤럭시S23FE 256GB 블랙 무잔상 외관 깔끔
bracket_012,00506,00506,17,00506,번개장터:17,갤럭시 s26:17,[00506] 당일발송 갤럭시S23플러스 256GB 크림 외관 새상품급
bracket_013,00633,00633,17,00633,번개장터:17,갤럭시 s26:17,[00633] 당일발송 갤럭시S23FE 256GB 바이올렛 무잔상 새상품
bracket_014,01144,01144,17,01144,번개장터:17,갤럭시 s25 울트라:17,[01144] 당일발송 갤럭시S23울트라 S918 512GB 자급제 올리
bracket_015,00072,00072,16,00072,번개장터:16,갤럭시 s26:16,[00072] 당일발송 갤럭시S23 256GB 올리브그린 외관 꺠끗한 리
bracket_016,00217,00217,16,00217,번개장터:16,갤럭시 s26:16,[00217] 당일발송 갤럭시S23 256GB 클라우드라벤더 외관 깨끗한
bracket_017,01048,01048,16,01048,번개장터:16,갤럭시 s25 울트라:16,[01048] 당일발송 갤럭시S21울트라 512GB 외관 깔끔한 S급 블
bracket_018,대전 중고폰,대전 중고폰,16,대전 중고폰,중고나라:16,갤럭시 s25:10 | 갤럭시 s25 플러스:4 | 아이폰 16:1 | 갤럭시 s26:1,[대전 중고폰] 아이폰16 256GB 블랙 / A급 / 실물촬영 / 매장운영 394776 | [대전 중고폰] 갤럭시 S26 512GB 화이트 / SS급 / 실사진 / 411170 | [대전 중고폰] 갤럭시 S25플러스 512GB 민트 / S급 / 실사진 / 409459 | [대전 중고폰] 갤럭시 S25플러스 256GB 실버 / S급 / 실사진 / 099439 | [대전 중고폰] 갤럭시 S25플러스 512GB 실버 / S급 / 실사진 / 409458
bracket_019,01277,01277,13,01277,번개장터:13,갤럭시 s26:13,[01277] 당일발송 갤럭시S24 256GB 무잔상 깨끗한 리퍼급 바이
bracket_020,KT,KT,13,kt,번개장터:13,아이폰 17:4 | 아이폰 16:4 | 아이폰 17 프로 맥스:2 | 아이폰 17 프로:2 | 갤럭시 s26 울트라:1,아이폰17프로맥스[KT](새상품/전색상/애플케어) | [KT]아이폰17프로맥스(새상품/전색상/미개봉 얼리버드 특가) | [KT]아이폰17프로(새상품/전색상/애플케어) | [KT]아이폰17프로(새상품/전색상/미개봉 얼리버드 특가) | 아이폰17에어[KT](새상품/전색상/애플케어)
bracket_021,SKT,SKT,13,skt,번개장터:13,아이폰 16:5 | 아이폰 17:4 | 아이폰 17 프로 맥스:2 | 아이폰 17 프로:2,[SKT]아이폰17프로맥스(새상품/전색상/애플케어) | [SKT]아이폰17프로맥스(새상품/전색상/정품) | [SKT]아이폰17프로(새상품/전색상/애플케어) | [SKT]아이폰17프로(새상품/전색상/미개봉 얼리버드 특가) | [SKT]아이폰17에어(새상품/전색상/애플케어)
bracket_022,"13,14,15,16,프로","13,14,15,16,프로",3,13 14 15 16 프로,번개장터:3,아이폰 17 프로:2 | 아이폰 17e:1,"[미사용/새상품]아이폰17E 재고정리 할인 [13,14,15,16,프로] | [미사용/새상품]아이폰17에어 재고정리 할인[13,14,15,16,프로] | [미사용/새상품] 아이폰17 재고정리 할인 [13,14,15,16,프로]"
bracket_022,"13,14,15,16","13,14,15,16",2,13 14 15 16,번개장터:2,아이폰 17 프로 맥스:1 | 아이폰 17 프로:1,"[미사용/새상품]아이폰17프로맥스 재고정리 할인 [13,14,15,16] | [미사용/새상품] 아이폰17프로 재고정리 할인 [13,14,15,16]"
bracket_022,"13,14,15,17","13,14,15,17",2,13 14 15 17,번개장터:2,아이폰 17 프로 맥스:1 | 아이폰 17 프로:1,"[미사용/새상품]아이폰16프로맥스 재고정리 할인 [13,14,15,17] | [미사용/새상품] 아이폰16프로 재고정리 할인 [13,14,15,17]"
bracket_022,"13,14,15,17,프로","13,14,15,17,프로",2,13 14 15 17 프로,번개장터:2,아이폰 17e:1 | 아이폰 17 프로:1,"[미사용/새상품]아이폰16E 재고정리 할인 [13,14,15,17,프로] | [미사용/새상품] 아이폰16 재고정리 할인 [13,14,15,17,프로]"
bracket_022,"13,14,15,17프로","13,14,15,17프로",1,13 14 15 17프로,번개장터:1,아이폰 17 프로:1,"[미사용/새상품]아이폰16플러스 재고정리 할인[13,14,15,17프로]"
bracket_022,"13,14,16,17","13,14,16,17",1,13 14 16 17,번개장터:1,아이폰 17 프로:1,"[미사용/새상품] 아이폰15프로 재고정리 할인 [13,14,16,17]"
bracket_022,"13,14,16,17,프로","13,14,16,17,프로",1,13 14 16 17 프로,번개장터:1,아이폰 17 프로:1,"[미사용/새상품] 아이폰15 재고정리 할인 [13,14,16,17,프로]"
bracket_023,68만,68만,11,68만,중고나라:10 | 번개장터:1,갤럭시 s25:10 | 갤럭시 s26:1,[68만]SS급 갤럭시S25_256  전색상  효도폰 세컨폰 업무 | [68만]S급 갤럭시S25 256기가 전색상 | [68만]S급 업무용 갤럭시S25 [256기가] | [68만]S급 갤럭시S25 256기가 네이비 | [68만] 갤럭시S25 256기가 네이비
bracket_024,알뜰통신사,알뜰통신사,11,알뜰통신사,번개장터:11,아이폰 17:4 | 아이폰 16:3 | 아이폰 17 프로:2 | 아이폰 17 프로 맥스:1 | 갤럭시 s26 울트라:1,[알뜰통신사]아이폰17프로맥스(새상품/전색상/미개봉) | [알뜰통신사]아이폰17프로(새상품/전색상/정품) | [알뜰통신사]아이폰17프로(새상품/전색상/애플케어) | [알뜰통신사]아이폰17에어(새상품/전색상/정품) | [알뜰통신사]아이폰17(새상품/전색상/미개봉 얼리버드 특가)
bracket_025,16만,16만,10,16만,중고나라:10,아이폰 16:10,아이폰XR 공기계 판매 합니다. [16만]
bracket_026,17만,17만,10,17만,중고나라:10,아이폰 17:10,아이폰 12 미니 공기계 판매 합니다.[17만]
bracket_027,LG,LG,10,lg,번개장터:10,아이폰 17:4 | 아이폰 17 프로 맥스:2 | 아이폰 17 프로:2 | 아이폰 16:2,[LG]아이폰17프로맥스(새상품/전색상/애플케어) | [LG]아이폰17프로맥스(새상품/전색상/정품) | [LG]아이폰17프로(새상품/전색상/애플케어) | [LG]아이폰17프로(새상품/전색상/정품) | [LG]아이폰17(새상품/전색상/애플케어)
bracket_028,아이폰 17프로맥스,아이폰 17프로맥스,8,아이폰 17프로맥스,번개장터:8,아이폰 17 프로 맥스:8,[아이폰 17프로맥스] 어반소피스티케이션 엔드리스 스카이 25S | [아이폰 17프로맥스] 어반소피스키케이션 헬로키티 | [아이폰 17프로맥스] 어반소피스티케이션 오트 밀크 22S | [아이폰 17프로맥스] 어반소피스티케이션 미러 푸퍼케이스 43S | [아이폰 17프로맥스] 어반소피스키케이션 헬로키티 스터즈9
bracket_029,"23,24,26,플립7","23,24,26,플립7",3,23 24 26 플립7,번개장터:3,갤럭시 s26 울트라:1 | 갤럭시 s26 엣지:1 | 갤럭시 s26:1,"[미사용/새상품]갤럭시S25울트라 재고정리 할인[23,24,26,플립7] | [미사용/새상품]갤럭시S25엣지 재고정리 할인 [23,24,26,플립7] | [미사용/새상품]갤럭시S25플러스 재고정리 할인[23,24,26,플립7]"
bracket_029,"23,24,25,플립7","23,24,25,플립7",2,23 24 25 플립7,번개장터:2,갤럭시 s26 울트라:1 | 갤럭시 s26:1,"[미사용/새상품]갤럭시S26울트라 재고정리 할인[23,24,25,플립7] | [미사용/새상품]갤럭시S26플러스 재고정리 할인[23,24,25,플립7]"
bracket_029,"23,24,25,Z플립7","23,24,25,Z플립7",1,23 24 25 z플립7,번개장터:1,갤럭시 s26:1,"[미사용/새상품] 갤럭시S26 재고정리 할인 [23,24,25,Z플립7]"
bracket_029,"23,24,26,Z플립7","23,24,26,Z플립7",1,23 24 26 z플립7,번개장터:1,갤럭시 s26:1,"[미사용/새상품] 갤럭시S25 재고정리 할인 [23,24,26,Z플립7]"
bracket_030,색상선택가능,색상선택가능,7,색상선택가능,번개장터:7,아이폰 16:7,[색상선택가능] 아이폰 5S A급/16GB 결제창 | [색상선택가능] 아이폰 5S S급/16GB 결제창 | [색상선택가능] 아이폰 5S B급/16GB 결제창 | [색상선택가능] 아이폰 SE SS급 16GB 결제창 | [색상선택가능] 아이폰 SE B급/16GB 결제창
bracket_031,카메라무음,카메라무음,7,카메라무음,번개장터:7,아이폰 16:7,아이폰6 16기가 실버 배터리100% [카메라무음] | 아이폰6 16기가 그레이 배터리100% [카메라무음] | [카메라무음] 아이폰6 실버 16GB
bracket_032,72만,72만,6,72만,중고나라:5 | 번개장터:1,갤럭시 s25:5 | 갤럭시 s26 엣지:1,[72만]갤럭시 S25엣지 256GB 실버색상 새상품급 판매합니다. | [72만]S급 업무용 갤럭시S25 [512기가] | [72만]S급 갤럭시S25 512기가 네이비 | 갤럭시 S25엣지 256G 팔아요[72만]
bracket_033,가개통,가개통,6,가개통,번개장터:6,아이폰 17:3 | 갤럭시 s26 울트라:2 | 아이폰 17 프로:1,[가개통] 아이폰17 프로 / 1TB / 실버 / 배터리성능 100% | [가개통] 아이폰17 / 256GB / 화이트 / 배터리성능 100% | [가개통] 아이폰17 / 256GB / 블루 / 배터리성능 100% | [가개통] 아이폰17 / 512GB / 라벤더 / 배터리성능 100% | [가개통]갤럭시S26 울트라/S948/512/스카이블루/85325
bracket_034,삽니다,삽니다,6,삽니다,번개장터:6,아이폰 17 프로:3 | 아이폰 17 프로 맥스:2 | 아이폰 17:1,[삽니다] 아이폰17 프로 프로맥스 256 512 1TB 미개봉 자급제 | [삽니다] 아이폰17프로맥스 256 512미개봉 새제품 | [삽니다] 케이스티파이 리플케이스 아이폰 17프로 쇼크핑크 | [삽니다] 아이폰17프로 카메라무음 대여(5/1~5/2) | [삽니다] 아이폰17프로 256 512미개봉
bracket_035,아이폰 17프로,아이폰 17프로,5,아이폰 17프로,번개장터:5,아이폰 17 프로:5,[아이폰 17프로] 어반소피스티케이션 피젯 베이비발레 | [아이폰 17프로] 어반소피스티케이션 델리킷 보우 인 레드 리본케이스 | [아이폰 17프로] 어반소피스티케이션 피젯 케이스 블루 | [아이폰 17프로] 어반소피스티케이션 헬로키티 스터즈 | [아이폰 17프로] 어반소피스티케이션 크라잉 쿠로미
bracket_035,아이폰 17프로 맥스,아이폰 17프로 맥스,1,아이폰 17프로 맥스,번개장터:1,아이폰 17 프로 맥스:1,[아이폰 17프로 맥스] 케이스티파이 뚜비 케이스
bracket_036,애플,애플,6,애플,번개장터:5 | 중고나라:1,아이폰 16:5 | 아이폰 17 프로 맥스:1,[애플] 아이폰17 프로 맥스 정품 케이스 | [애플]아이폰16플러스 전색상 미개봉 13차 재입고 | [애플]아이폰16프로 256기가 특가판매합니다 번개톡 빠른 문의주세요 | [애플]아이폰16프로맥스 특가 판매중입니다 전색상 미개봉 | [애플]아이폰16E/256기가
bracket_037,25년 개통,25년 개통,5,25년 개통,번개장터:5,갤럭시 s26:5,[25년 개통] A급. 갤럭시S25 256기가 부산중고폰 70874김해
bracket_038,98만,98만,5,98만,중고나라:5,갤럭시 s25 울트라:5,[98만]S급 갤럭시S25 울트라 512기가 | [98만]갤럭시S25 울트라 512기가 블랙
bracket_039,Apple,Apple,4,apple,번개장터:4,아이폰 16:4,[Apple]아이폰16프로맥스 256기가 정품/미개봉/새상품 | [Apple]NEW 아이폰16프로 신상품 미개봉 특가 판매중 | [Apple]아이폰16플러스 재입고 빠른품절 번개톡 문의주세요 | [Apple]아이폰16 미개봉 전색상 재입고 화이트/블랙 빠른 품절됩니다
bracket_039,Apple 마켓,Apple 마켓,1,apple 마켓,번개장터:1,아이폰 16:1,[Apple 마켓]아이폰16프로 9차 재입고
bracket_040,"프로상점,대여","프로상점,대여",3,프로상점 대여,번개장터:3,갤럭시 s26 울트라:2 | 갤럭시 s25 울트라:1,"[프로상점,대여]갤럭시s23울트라 (256/512기가) | [프로상점,대여]갤럭시 s24울트라 (256/512기가) | [프로상점,대여] 갤럭시 s25울트라 512기가"
bracket_040,대여,대여,2,대여,번개장터:2,아이폰 17 프로:1 | 아이폰 16:1,[대여] 아이폰17 프로 렌탈 1일 단기 | [대여]아이폰16프로 1일 단기 렌탈 임대 하객 스냅샷 결혼식 촬영
bracket_041,아이폰 16프로맥스,아이폰 16프로맥스,5,아이폰 16프로맥스,번개장터:5,아이폰 16:5,[아이폰 16프로맥스] 어반소피스티케이션 푸퍼 발레리나 54a | [아이폰 16프로맥스] 어반소피스티케이션 푸퍼 라인스톤 인 실버 | [아이폰 16프로맥스] 어반소피스티케이션 푸퍼 미러 52 | [아이폰 16프로맥스] 어반소피스티케이션 푸퍼 퍼피크러쉬 | [아이폰 16프로맥스] 어반소피스티케이션 핑크 보우 리본케이스
bracket_042,01242,01242,4,01242,번개장터:4,갤럭시 s26:4,[01242] 당일발송 갤럭시S25플러스 256GB 무잔상 미사용 새제품
bracket_043,256GB,256GB,4,256gb,번개장터:4,갤럭시 s26 울트라:2 | 갤럭시 s26:2,[KT]갤럭시S24울트라 [256GB] | [알뜰통신사]갤럭시S24울트라 [256GB] | [자급제X/마지막재고]갤럭시S24 [256GB] | [KT기기변경 마지막재고]갤럭시S24플러스 [256GB]
bracket_044,5월6일 예약판매,5월6일 예약판매,4,5월6일 예약판매,번개장터:4,아이폰 16:4,[5월6일 예약판매]아이폰 5c 옐로우 16기가 #7497 미사용 | [5월6일 예약판매] 아이폰 5c 그린 16기가 #6298 | [5월6일 예약판매]아이폰 5c 핑크 16기가 #1941 신품수준 | [5월6일 예약판매] 아이폰 5c 옐로우 16기가 #5326
bracket_045,60만,60만,4,60만,번개장터:2 | 중고나라:2,아이폰 16:2 | 갤럭시 s25:2,아이폰 16E 128G 화이트 배터리 94% 판매합니다[60만] | [60만] 아이폰 16E 128G 화이트 배터리 94% 판매합니다 | [60만] S급 갤럭시 S25 FE 256기가
bracket_046,70만,70만,4,70만,중고나라:3 | 번개장터:1,갤럭시 s25:2 | 갤럭시 s26:1 | 갤럭시 s25 플러스:1,[70만]갤럭시S25플러스_256 상태좋아요 | [70만]S급 갤럭시S25네이비512기가 선물폰 세컨폰
bracket_047,A+급,A+급,4,a 플러스 급,번개장터:4,갤럭시 s26:4,[A+급] 갤럭시 S20 플러스 256G 레드 [22116] | [A+급] 갤럭시 S23 플러스 256G 블랙 [19495]
bracket_048,개통폰,개통폰,4,개통폰,번개장터:4,아이폰 17:3 | 아이폰 16:1,[개통폰] 아이폰17 타통신사 -> KT 번호이동 최고조건 | [개통폰] 아이폰17 타통신사 -> SK 번호이동 최고조건 | [개통폰] 아이폰17 타통신사 -> LG 번호이동 최고조건 | [개통폰] 아이폰16 타통신사 -> LG 번호이동 최고조건
bracket_049,무잔상,무잔상,4,무잔상,번개장터:4,갤럭시 s26:4,[무잔상] 갤럭시S23플러스 256기가 크림 부산중고폰 70765 김해 | [무잔상] 갤럭시S24 256기가 옐로우 부산중고폰 70451 김해 인천 | [무잔상] 갤럭시S23플러스 256기가 부산중고폰 70765인천 양산
bracket_050,최상급,최상급,4,최상급,중고나라:2 | 번개장터:2,아이폰 17:2 | 아이폰 16:1 | 갤럭시 s26:1,[최상급]정품 아이폰 에어 17 범퍼 - 블랙 | [최상급]아이폰 17에어 256GB 스페이스 블랙 | [최상급]아이폰6s / 16GB / 64GB 스페이스그레이 | [최상급]갤럭시S23FE/S711/256/블랙/85225
bracket_051,20272,20272,3,20272,번개장터:3,갤럭시 s25:3,[S급] 갤럭시 S24 512G 그레이 [20272]
bracket_052,26만,26만,3,26만,번개장터:3,갤럭시 s26:3,갤럭시 S22 화이트 256GB 판매합니다[26만] | 갤럭시 S22 블랙 256G 판매합니다[26만] | 갤럭시 S22 256GB 퍼플색상 판매합니다[26만]
bracket_053,5월6일 발송확정,5월6일 발송확정,3,5월6일 발송확정,번개장터:3,아이폰 16:2 | 아이폰 17:1,[5월6일 발송확정] 아이폰 5c 그린 32기가 #5717 | [5월6일 발송확정] 아이폰 5c 핑크 16기가 #9479 | [5월6일 발송확정] 아이폰 5c 블루 16기가 #2579 박풀/미사용급
bracket_054,65만,65만,3,65만,중고나라:3,갤럭시 s25:3,갤럭시 S25 256GB 실버 판매합니다[65만]
bracket_055,66만,66만,3,66만,중고나라:3,갤럭시 s25:3,[66만]갤럭시S25 네이비 256기가 선물폰 효도폰 자녀폰 | 갤럭시 S25 256G 색상별로 판매합니다[66만]
bracket_056,80만,80만,3,80만,중고나라:2 | 번개장터:1,갤럭시 s25:3,[80만]갤럭시S25엣지 512기가 무찍힘 무기스 S급 기기입니다
bracket_057,98만원,98만원,3,98만원,중고나라:3,갤럭시 s25 울트라:3,[98만원] 갤럭시S25울트라 512기가
bracket_058,A등급,A등급,3,a등급,번개장터:3,갤럭시 s26 울트라:1 | 갤럭시 s26:1 | 갤럭시 s25:1,[A등급] 갤럭시 S24 울트라 256GB 옐로우 | [A등급] 갤럭시 S25 256GB 그레이 | 갤럭시S24 512GB 실버 [ A등급 ] 케이스 및 필름구성
bracket_059,iphone 16 pro max,iphone 16 pro max,2,iphone 16 프로 맥스,번개장터:1 | 중고나라:1,아이폰 16:2,아이폰 16프로맥스 1T 화이트 [iphone 16 pro max] | 아이폰 16프로맥스 1T 화이트 새상품! [iphone 16 pro max]
bracket_059,iphone 17 pro max,iphone 17 pro max,1,iphone 17 프로 맥스,번개장터:1,아이폰 17e:1,[iphone 17 pro max] skylrk case
bracket_060,구매,구매,3,구매,번개장터:3,아이폰 17 프로 맥스:1 | 아이폰 17:1 | 갤럭시 s25:1,[구매]아이폰 15프로맥스 iOS 17.2.1~17.3.1or미개봉 | [구매] 아이폰 17 케이스티파이 구매합니다!! | [구매] 미개봉 갤럭시 S25 512G 자급제 삽니다
bracket_061,당일배송,당일배송,3,당일배송,번개장터:3,아이폰 16:3,"[당일배송] S급 아이폰6S 스페이스그레이 16GB | [당일배송] 아이폰 6S 16GB~아이폰5,5s,6,7,8 사진용 | [당일배송]아이폰6 /16 ,32, 64GB /스페이스그레이"
bracket_062,실속템,실속템,3,실속템,번개장터:3,갤럭시 s25 울트라:2 | 갤럭시 s26:1,[실속템]갤럭시S23플러스/S916/256/크림/85211 | [실속템]갤럭시S23울트라/S918/512/그린/85231 | [실속템]갤럭시S24울트라/S928/512/티타늄그레이/84839
bracket_063,제휴카드,제휴카드,3,제휴카드,번개장터:3,아이폰 16:2 | 갤럭시 s25 울트라:1,[제휴카드]아이폰16E/애플정품/미개봉/새상품/애플케어 | [제휴카드]아이폰16프로 새상품/Apple care+/정품/미개봉/ | [제휴카드]갤럭시S25 울트라[삼성전자 새상품]
bracket_064,판매,판매,3,판매,번개장터:2 | 중고나라:1,아이폰 16:1 | 갤럭시 s25 울트라:1 | 갤럭시 s25:1,[판매] 아이폰 16 프로맥스 케이스티파이 짱구 투명 케이스 (맥세이 | [판매] 갤럭시 S24 울트라 512GB 듀얼유심 해외폰 블랙 | [판매] Samsung 갤럭시 S25 Ultra 화이트 256GB / 상태 최상 / 풀박스
bracket_065,18520,18520,2,18520,번개장터:2,갤럭시 s26 울트라:2,[S급] 갤럭시S21 울트라 256G 블랙 [18520]
bracket_066,19082,19082,2,19082,번개장터:2,갤럭시 s26:2,[S급] 갤럭시 S24 256G 옐로우 [19082]
bracket_067,19237,19237,2,19237,번개장터:2,갤럭시 s26:2,[S급] 갤럭시 S23 256G 핑크 [19237]
bracket_068,19495,19495,2,19495,번개장터:2,갤럭시 s26:2,[A+급] 갤럭시 S23 플러스 256G 블랙 [19495]
bracket_069,22116,22116,2,22116,번개장터:2,갤럭시 s26:2,[A+급] 갤럭시 S20 플러스 256G 레드 [22116]
bracket_070,23364,23364,2,23364,번개장터:2,갤럭시 s26 울트라:2,[S급] 갤럭시 S21 울트라 256G 화이트 [23364]
bracket_071,23462,23462,2,23462,번개장터:2,갤럭시 s26:2,[S급] 갤럭시 S23 256G 크림 [23462]
bracket_072,24709,24709,2,24709,번개장터:2,갤럭시 s26:2,[S급] 갤럭시 S21 256G 화이트 [24709]
bracket_073,256기가,256기가,2,256기가,중고나라:2,갤럭시 s25:2,[68만]S급 업무용 갤럭시S25 [256기가]
bracket_074,36만,36만,2,36만,번개장터:2,갤럭시 s26:2,[36만]갤럭시 S23 256GB 블랙 판매합니다 | 갤럭시 S23 256GB 크림 판매합니다[36만]
bracket_075,512기가,512기가,2,512기가,중고나라:2,갤럭시 s25:2,[72만]S급 업무용 갤럭시S25 [512기가]
bracket_076,78만,78만,2,78만,중고나라:2,갤럭시 s25 플러스:2,[78만]갤럭시 S25플러스 무잔상무기스 S급 네이비 512기가
bracket_077,792138,792138,2,792138,번개장터:2,아이폰 16:2,[792138] 아이폰6S 16기가 로즈골드 공기계 100% | [792138] 아이폰6S 16기가 로즈골드 카메라 공기계
bracket_078,"S23,24,25,26","S23,24,25,26",2,s23 24 25 26,번개장터:2,갤럭시 s26:2,"[미사용/새상품] 갤럭시Z폴드7 재고정리 할인 [S23,24,25,26] | [미사용/새상품] 갤럭시Z플립7 재고정리 할인 [S23,24,25,26]"
bracket_079,갓성비,갓성비,2,갓성비,번개장터:2,갤럭시 s26 울트라:1 | 갤럭시 s26:1,[갓성비]갤럭시S22울트라/S908/256/버건디/85244 | [갓성비]갤럭시S24/S921/256/코발트바이올렛/85248
bracket_080,리퍼미사용,리퍼미사용,2,리퍼미사용,번개장터:1 | 중고나라:1,아이폰 16:2,[리퍼미사용] 아이폰 16 Pro 1TB 블랙 (직거래시 180만원) | [리퍼미사용] 아이폰 16 Pro 1TB 배터리효율 100%
bracket_081,무음,무음,2,무음,번개장터:2,아이폰 17:1 | 아이폰 16:1,[무음] 아이폰 6 골드 16GB (F17S1) | [무음] 아이폰 5S 실버 16GB (F2LNW)
bracket_082,소품용,소품용,2,소품용,중고나라:2,아이폰 17 프로 맥스:2,"[소품용] 아이폰17프로,프로맥스 박스"
bracket_083,아이폰17,아이폰17,1,아이폰17,번개장터:1,아이폰 17:1,[아이폰17]  애플 로고 실리콘 케이스 화이트
bracket_083,아이폰17 케이스,아이폰17 케이스,1,아이폰17 케이스,번개장터:1,아이폰 17e:1,[아이폰17 케이스] 산사 Afternoon Leaf 에폭시 범퍼 케이스
bracket_084,"월56,500원","월56,500원",1,월56 500원,번개장터:1,아이폰 17:1,"[월56,500원] 미개봉 아이폰17 렌탈/할부 서비스!!"
bracket_084,"폰고|월56,500원","폰고|월56,500원",1,폰고 월56 500원,번개장터:1,아이폰 16:1,"[폰고|월56,500원] 아이폰16프로 렌탈/할부 서비스!!"
bracket_085,일괄,일괄,2,일괄,번개장터:2,아이폰 17e:1 | 아이폰 16:1,[일괄] 아이폰 17e / 16e 케이스 아이썸머리 마페아 핑크호피 | [일괄] 아이폰16프로 폰케이스
bracket_086,직선호 서울 강서 전체,직선호 서울 강서 전체,2,직선호 서울 강서 전체,번개장터:1 | 중고나라:1,갤럭시 s26 울트라:2,갤럭시S26울트라 512g 기격인하x [직선호 서울 강서 전체] | 갤럭시S26울트라 512GB 가격인하x [직선호 서울 강서 전체]
bracket_087,품번 034,품번 034,2,품번 034,번개장터:2,갤럭시 s26:2,A+급 갤럭시S23 5G 256G 블랙 [품번 034]
bracket_088,품번 074,품번 074,2,품번 074,번개장터:2,갤럭시 s26:2,A+급 갤럭시S22 5G 256G 화이트 [품번 074]
bracket_089,품번 118,품번 118,2,품번 118,번개장터:2,아이폰 16:2,배터리99 A+급 아이폰16프로 128G 블랙 [품번 118]
bracket_090,품번 121,품번 121,2,품번 121,번개장터:2,갤럭시 s26:2,A급 갤럭시S22 5G 256G 핑크 [품번 121]
bracket_091,품번 130,품번 130,2,품번 130,번개장터:2,갤럭시 s26:2,A+급 갤럭시S21 5G 256G 퍼플 [품번 130]
bracket_092,품번 144,품번 144,2,품번 144,번개장터:2,갤럭시 s26:2,A+급 갤럭시S24 5G 256G 블랙 [품번 144]
bracket_093,품번 149,품번 149,2,품번 149,번개장터:2,갤럭시 s26:2,A+급 갤럭시S23 5G 256G 그린 [품번 149]
bracket_094,품번 155,품번 155,2,품번 155,번개장터:2,갤럭시 s26:2,A+급 갤럭시S24 5G 256G 옐로우 [품번 155]
bracket_095,품번 168,품번 168,2,품번 168,번개장터:2,아이폰 16:2,A+급 아이폰14프로 128G 그레이 [품번 168]
bracket_096,품번 170,품번 170,2,품번 170,번개장터:2,아이폰 17 프로:2,배터리90 A+급 아이폰16프로 128G 블랙 [품번 170]
bracket_097,품번 176,품번 176,2,품번 176,번개장터:2,갤럭시 s26:2,A+급 갤럭시S22 5G 256G 그린 [품번 176]
bracket_098,품번 180,품번 180,2,품번 180,번개장터:2,갤럭시 s26:2,A급 갤럭시S22 5G 256G 블랙 [품번 180]
bracket_099,품번 182,품번 182,2,품번 182,번개장터:2,아이폰 16:2,배터리91 A급 아이폰6 16G 그레이 [품번 182]
bracket_100,품번 196,품번 196,2,품번 196,번개장터:2,갤럭시 s26:2,A+급 갤럭시S22 5G 256G 화이트 [품번 196]
bracket_101,품번 199,품번 199,2,품번 199,번개장터:2,갤럭시 s26:2,자급제 A+급 갤럭시S23 5G 256G 크림 [품번 199]
bracket_102,품번 203,품번 203,2,품번 203,번개장터:2,아이폰 16:2,배터리98 A+급 아이폰16e 128G 블랙 [품번 203]
bracket_103,품번 207,품번 207,2,품번 207,번개장터:2,갤럭시 s26:2,A급 갤럭시S22 5G 256G 화이트 [품번 207]
bracket_104,혜자템,혜자템,2,혜자템,번개장터:2,갤럭시 s26:1 | 갤럭시 s25 울트라:1,[혜자템]갤럭시S23FE/S711/256/퍼플/85224 | [혜자템]갤럭시S24울트라/S928/512/티타늄그레이/85259
bracket_105,00848,00848,1,00848,번개장터:1,갤럭시 s26:1,[00848] 갤럭시S25 256GB 블루쉐도우 가성비특가 리퍼급
bracket_106,016963,016963,1,016963,번개장터:1,아이폰 16:1,[016963] 아이폰X 64기가 그레이 공기계 판매
bracket_107,051521,051521,1,051521,번개장터:1,아이폰 16:1,[051521] 아이폰6S 실버 16기가 공기계 판매
bracket_108,11회차 재입고,11회차 재입고,1,11회차 재입고,번개장터:1,아이폰 16:1,[11회차 재입고]아이폰16프로맥스/16프로 미개봉 새상품 특가할인
bracket_109,143553,143553,1,143553,번개장터:1,아이폰 16:1,[143553] 아이폰6S 16기가 골드 가성비 공기계
bracket_110,171591,171591,1,171591,번개장터:1,아이폰 17:1,[171591] 아이폰7플러스 128기가 매트블랙 공기계 카메라
bracket_111,179519,179519,1,179519,번개장터:1,아이폰 17:1,[179519] 아이폰XS MAX 64기가 그레이 공기계
bracket_112,17개,17개,1,17개,번개장터:1,아이폰 17:1,"[17개] 애플박스 일괄 (아이폰17,아이폰,에어팟,맥북,아이패드)"
bracket_113,186716,186716,1,186716,번개장터:1,아이폰 16:1,[186716] 아이폰8플러스 64기가 실버 공기계 판매
bracket_114,19차재입고,19차재입고,1,19차재입고,번개장터:1,아이폰 16:1,[19차재입고]아이폰16프로 특가 판매
bracket_115,1M,1M,1,1m,번개장터:1,아이폰 16:1,"[1M]애플정품 60W케이블, 아이폰16케이블,아이패드,맥북케이블"
bracket_116,25년 미사용제품특가,25년 미사용제품특가,1,25년 미사용제품특가,번개장터:1,아이폰 16:1,[25년 미사용제품특가]아이폰16 일반 가성비제품 전색상 재입고 리뷰확인
bracket_117,25만,25만,1,25만,번개장터:1,갤럭시 s26:1,[25만]갤럭시S22 전색상 256GB 세컨폰 학생폰 효도폰 업무폰
bracket_118,26,26,1,26,번개장터:1,갤럭시 s26:1,갤럭시 S22퍼플 256GB [26]
bracket_119,271623,271623,1,271623,번개장터:1,아이폰 16:1,[271623] 아이폰6플러스 16기가 골드 공기계 판매
bracket_120,27만,27만,1,27만,번개장터:1,갤럭시 s25 플러스:1,[27만]갤럭시S22플러스  512GB 세컨폰 학생폰 효도폰 업무폰
bracket_121,284996,284996,1,284996,번개장터:1,아이폰 16:1,[284996] 아이폰6 16기가 골드 공기계 판매
bracket_122,341770,341770,1,341770,번개장터:1,아이폰 17:1,[341770] 아이폰7플러스 32기가 93% 블랙 공기계
bracket_123,37만,37만,1,37만,번개장터:1,갤럭시 s26:1,[37만]갤럭시S23_256GB 선물폰 학생폰 세컨폰 업무폰
bracket_124,381917,381917,1,381917,번개장터:1,아이폰 17:1,[381917] 아이폰6S 로즈골드 64기가 가성비 공기계
bracket_125,38만,38만,1,38만,번개장터:1,갤럭시 s26:1,갤럭시 S23 256GB 크림 판매합니다[38만]
bracket_126,468844,468844,1,468844,번개장터:1,아이폰 16:1,[468844] 아이폰6S 16기가 로즈골드 공기계 판매
bracket_127,516433,516433,1,516433,번개장터:1,아이폰 16:1,[516433] 아이폰7 32기가 블랙 공기계 100%
bracket_128,54만,54만,1,54만,번개장터:1,갤럭시 s25 플러스:1,갤럭시 S24플러스 512GB 대용량 판매합니다[54만]
bracket_129,554550,554550,1,554550,번개장터:1,아이폰 16:1,[554550] 아이폰6S플러스 16기가 골드 저렴하게 판매
bracket_130,558017,558017,1,558017,번개장터:1,아이폰 17:1,[558017] 아이폰7 32기가 블랙 공기계 판매 100%
bracket_131,581658,581658,1,581658,번개장터:1,아이폰 16:1,[581658] 아이폰8플러스 64기가 골드 공기계 100%
bracket_132,585062,585062,1,585062,번개장터:1,아이폰 16:1,[585062] 아이폰6S 16기가 로즈골드 공기계 깔끔 100%
bracket_133,61만,61만,1,61만,번개장터:1,갤럭시 s26:1,갤럭시 S25_256G 공기계 판매 합니다. [61만]
bracket_134,641711,641711,1,641711,번개장터:1,아이폰 17:1,[641711] 최고등급 아이폰7플러스 128기가 로즈골드 공기계
bracket_135,64만,64만,1,64만,번개장터:1,갤럭시 s26:1,갤럭시 S25 256G 실버 판매합니다 [64만]
bracket_136,73만,73만,1,73만,중고나라:1,갤럭시 s25:1,[73만]S급 갤럭시S25엣지 256기가 럭셔리폰
bracket_137,74275,74275,1,74275,번개장터:1,갤럭시 s26:1,갤럭시 S24 플러스 256GB 퍼플 [74275]
bracket_138,74785,74785,1,74785,번개장터:1,갤럭시 s26:1,갤럭시 S23 FE 256GB 민트 [74785]
bracket_139,74897,74897,1,74897,번개장터:1,아이폰 16:1,@배터리92@ 아이폰 16프로 128GB 데저트 [74897]
bracket_140,74915,74915,1,74915,번개장터:1,갤럭시 s26:1,갤럭시 S23 FE 256GB 퍼플 [74915]
bracket_141,74978,74978,1,74978,번개장터:1,아이폰 17:1,@배터리99@ 아이폰 17 256GB 퍼플 [74978]
bracket_142,74만,74만,1,74만,중고나라:1,갤럭시 s25:1,[74만]업무용S급 갤럭시S25엣지 256블랙
bracket_143,75118,75118,1,75118,번개장터:1,갤럭시 s26:1,갤럭시 S23 256GB 블랙 [75118]
bracket_144,75129,75129,1,75129,번개장터:1,갤럭시 s26:1,갤럭시 S24 FE 256GB 실버 [75129]
bracket_145,75134,75134,1,75134,번개장터:1,갤럭시 s25:1,갤럭시 S23 512GB 블랙 [75134]
bracket_146,75157,75157,1,75157,번개장터:1,갤럭시 s26 울트라:1,갤럭시 S23 울트라 256GB 라벤더 [75157]
bracket_147,75161,75161,1,75161,번개장터:1,갤럭시 s26 울트라:1,갤럭시 S25 울트라 256GB 그레이 [75161]
bracket_148,75169,75169,1,75169,번개장터:1,갤럭시 s26:1,갤럭시 S24 256GB 옐로우 [75169]
bracket_149,75170,75170,1,75170,번개장터:1,아이폰 17:1,@배터리84@ 아이폰 13 256GB 블랙 [75170]
bracket_150,75183,75183,1,75183,번개장터:1,갤럭시 s26 울트라:1,갤럭시 S22 울트라 256GB 버건디  [75183]
bracket_151,75191,75191,1,75191,번개장터:1,아이폰 16:1,@배터리88@ 아이폰 16 256GB 블랙 [75191]
bracket_152,75192,75192,1,75192,번개장터:1,갤럭시 s25:1,갤럭시 S23 512GB 라벤더 [75192]
bracket_153,75196,75196,1,75196,번개장터:1,갤럭시 s26:1,갤럭시 S25 256GB 민트 [75196]
bracket_154,75309,75309,1,75309,번개장터:1,갤럭시 s26:1,갤럭시 S25 FE 256GB 스카이블루 [75309]
bracket_155,75316,75316,1,75316,번개장터:1,갤럭시 s26 울트라:1,갤럭시 S23 울트라 256GB 그린 [75316]
bracket_156,75323,75323,1,75323,번개장터:1,갤럭시 s26:1,갤럭시 S25 256GB 민트 [75323]
bracket_157,75337,75337,1,75337,번개장터:1,갤럭시 s26:1,갤럭시 S23 플러스 256GB 화이트 [75337]
bracket_158,75394,75394,1,75394,번개장터:1,갤럭시 s26:1,갤럭시 S25 256GB 그레이 [75394]
bracket_159,75426,75426,1,75426,번개장터:1,갤럭시 s26:1,갤럭시 S24 512GB 퍼플 [75426]
bracket_160,75435,75435,1,75435,번개장터:1,갤럭시 s25 플러스:1,갤럭시 S25 플러스 512GB 그레이 [75435]
bracket_161,75436,75436,1,75436,번개장터:1,갤럭시 s26:1,갤럭시 S25 플러스 256GB 블루 [75436]
bracket_162,75440,75440,1,75440,번개장터:1,갤럭시 s26:1,갤럭시 S25 256GB 블루 [75440]
bracket_163,821770,821770,1,821770,번개장터:1,아이폰 17:1,[821770] 아이폰6S 64기가 그레이 공기계 100%
bracket_164,83만,83만,1,83만,중고나라:1,아이폰 17e:1,[83만]아이폰17E 단순개봉 성능100%아이폰17E 싸이클15회 256기가
bracket_165,84만,84만,1,84만,번개장터:1,아이폰 16:1,[84만]풀박스 자급제 아이폰16E베터리성능100% 512기가
bracket_166,969178,969178,1,969178,번개장터:1,아이폰 17:1,[969178] 아이폰6S 64기가 로즈골드 공기계 판매
bracket_167,977664,977664,1,977664,번개장터:1,아이폰 16:1,[977664] 아이폰6S 16기가 골드 공기계 99%
bracket_168,99만,99만,1,99만,번개장터:1,갤럭시 s26:1,[99만]갤럭시 S26 512G 화이트 새상품급 판매합니다
bracket_169,Apple정품,Apple정품,1,apple정품,번개장터:1,아이폰 16:1,[Apple정품]아이폰16프로 미개봉상품
bracket_170,A급/ 단품,A급/ 단품,1,a급 단품,번개장터:1,아이폰 16:1,[A급/ 단품] 애플 아이폰6S플러스 골드판매합니다.
bracket_171,A급/풀박스,A급/풀박스,1,a급 풀박스,번개장터:1,아이폰 17 프로:1,[A급/풀박스] 아이폰 17 프로  512GB 판매 (배터리 100%)
bracket_172,B등급,B등급,1,b등급,번개장터:1,갤럭시 s25 울트라:1,[B등급] 갤럭시 S25 울트라 512GB 실버
bracket_173,E/일반/플러스/프로/프로맥스,E/일반/플러스/프로/프로맥스,1,e 일반 플러스 프로 프로맥스,번개장터:1,아이폰 16:1,[완납폰]아이폰16[E/일반/플러스/프로/프로맥스]쓰던 유심 그대로 교체
bracket_174,KT기기변경 마지막재고,KT기기변경 마지막재고,1,kt기기변경 마지막재고,번개장터:1,갤럭시 s26:1,[KT기기변경 마지막재고]갤럭시S24플러스 [256GB]
bracket_175,KT용/삼성/갤럭시S2/화이트,KT용/삼성/갤럭시S2/화이트,1,kt용 삼성 갤럭시s2 화이트,번개장터:1,갤럭시 s25:1,[KT용/삼성/갤럭시S2/화이트] 옛날구형 스마트폰 SHW-M250K
bracket_176,Lgu+,Lgu+,1,lgu 플러스,번개장터:1,아이폰 16:1,[Lgu+]아이폰16프로맥스256기가[새상품/미개봉/정품/애케플]
bracket_177,MA7D4FE/A,MA7D4FE/A,1,ma7d4fe a,중고나라:1,아이폰 16:1,아이폰16 플러스 애플 정품 맥세이프 투명 케이스 [MA7D4FE/A]
bracket_178,MYY93FE/A,MYY93FE/A,1,myy93fe a,중고나라:1,아이폰 16:1,아이폰16 플러스 애플 정품 실리콘 케이스 블랙 [MYY93FE/A]
bracket_179,SS급/새상품급,SS급/새상품급,1,ss급 새상품급,번개장터:1,갤럭시 s26:1,[SS급/새상품급] 갤럭시 S23 FE 256GB 민트
bracket_180,S급 올수리 후 미사용,S급 올수리 후 미사용,1,s급 올수리 후 미사용,중고나라:1,갤럭시 s25 울트라:1,갤럭시s25울트라 512g 판매합니다.[S급 올수리 후 미사용]
bracket_181,S등급,S등급,1,s등급,번개장터:1,아이폰 16:1,[S등급] 아이폰 16프로 256GB 내추럴티타늄
bracket_182,ios17.7,ios17.7,1,ios17.7,번개장터:1,아이폰 17:1,[ios17.7]아이폰 Xs Max 골드 256기가+케이스5종+보호필름
bracket_183,갤럭시S25,갤럭시S25,1,갤럭시s25,번개장터:1,갤럭시 s25:1,[갤럭시S25] 노스필드 악기;예배의 도구 기타 케이스(실버 맥세이프)
bracket_184,거래완료,거래완료,1,거래완료,번개장터:1,갤럭시 s25 플러스:1,[거래완료]갤럭시 S25 플러스 512 네이비블루 정품 실리콘 케이스
bracket_185,경기~서울/타지역O,경기~서울/타지역O,1,경기~서울 타지역o,번개장터:1,아이폰 17 프로 맥스:1,"[경기~서울/타지역O]아이폰17프로, 아이폰17프로맥스 등 비싸게 구입"
bracket_186,공구모집,공구모집,1,공구모집,번개장터:1,아이폰 16:1,[공구모집]아이폰16 미사용 정품 선착 한정특가 판매
bracket_187,교환,교환,1,교환,번개장터:1,아이폰 16:1,[교환] 아이폰16 프로 네추럴티타늄 256g 교신합니다
bracket_188,국내 최저가,국내 최저가,1,국내 최저가,번개장터:1,아이폰 16:1,[국내 최저가] 아이폰se1 16gb 32gb 64gb 128gb
bracket_189,국내당일발송,국내당일발송,1,국내당일발송,번개장터:1,아이폰 16:1,[국내당일발송] 아이폰6S 16G 32GB 64GB 128GB
bracket_190,그래그,그래그,1,그래그,번개장터:1,아이폰 16:1,[그래그] 리본 아이폰 16프로 케이스
bracket_191,급처,급처,1,급처,번개장터:1,갤럭시 s26:1,[급처] 갤럭시 S23 256 블랙
bracket_192,꿀픽,꿀픽,1,꿀픽,번개장터:1,갤럭시 s26:1,[꿀픽]갤럭시S24FE/S721/256/블루/85223
bracket_193,당일출고,당일출고,1,당일출고,번개장터:1,아이폰 16:1,[당일출고] s급 아이폰6s 16GB 스페이스그레이
bracket_194,대구,대구,1,대구,번개장터:1,갤럭시 s26 울트라:1,[대구] 갤럭시 S26울트라 512GB 미개봉 자급제 카드결제o
bracket_195,"미개봉,마지막 가격인하","미개봉,마지막 가격인하",1,미개봉 마지막 가격인하,번개장터:1,갤럭시 s25:1,"[미개봉,마지막 가격인하]귀멸의 칼날 시노부 갤럭시s25U 핸드폰 케이스"
bracket_196,미사용품,미사용품,1,미사용품,번개장터:1,아이폰 16:1,아이폰 16 Plus 페스티버 맥세이프 팬텀케이스[미사용품]
bracket_197,박스폰,박스폰,1,박스폰,번개장터:1,갤럭시 s25:1,[박스폰] SHW-M250K 갤럭시S2 옛날구형스마트폰 KT용
bracket_198,배터리 사이클 1,배터리 사이클 1,1,배터리 사이클 1,번개장터:1,아이폰 17e:1,[배터리 사이클 1 ] 아이폰 17E 핑크 256기가
bracket_199,번개페이,번개페이,1,번개페이,번개장터:1,아이폰 17:1,[번개페이]아이폰17 라벤더 256 풀박스 + 애케플 애플케어
bracket_200,삼성정품,삼성정품,1,삼성정품,중고나라:1,갤럭시 s25 울트라:1,[삼성정품] 갤럭시 S25 울트라 S펜 (호환품아닌 정품)
bracket_201,상태 좋음,상태 좋음,1,상태 좋음,번개장터:1,아이폰 16:1,"[상태 좋음] 아이폰 5c 전색상 판매 8기가,16기가,32기가"
bracket_202,새 상품급,새 상품급,1,새 상품급,중고나라:1,갤럭시 s26:1,[새 상품급] 갤럭시 S26 256기가 자급제 풀박스
bracket_203,서울,서울,1,서울,중고나라:1,갤럭시 s25 울트라:1,[서울] 갤럭시 S25 울트라 1TB 티타늄 제이드그린 자급제 공기계 특 A급 삼케플 양도 가능 선약 가능
bracket_204,신품급,신품급,1,신품급,중고나라:1,갤럭시 s25:1,[신품급] 갤럭시 S25 민트 SKT 256GB
bracket_205,신품급풀박스+케이스증정,신품급풀박스+케이스증정,1,신품급풀박스 플러스 케이스증정,번개장터:1,갤럭시 s25:1,[신품급풀박스+케이스증정] SK용 갤럭시S2 SHW-M250S
bracket_206,아이폰 16,아이폰 16,1,아이폰 16,번개장터:1,아이폰 16:1,[아이폰 16] 어반소피스티케이션 발레리나 20B
bracket_207,아이폰 16프로,아이폰 16프로,1,아이폰 16프로,번개장터:1,아이폰 16:1,[아이폰 16프로] 어반소피스티케이션 발레리나
bracket_208,아이폰16/새상품/전색상입고,아이폰16/새상품/전색상입고,1,아이폰16 새상품 전색상입고,번개장터:1,아이폰 16:1,[아이폰16/새상품/전색상입고]
bracket_209,아이폰16프로,아이폰16프로,1,아이폰16프로,번개장터:1,아이폰 16:1,[아이폰16프로] 새제품_ 아이폰케이스
bracket_210,아이폰16플러스,아이폰16플러스,1,아이폰16플러스,번개장터:1,아이폰 16:1,[아이폰16플러스]전색상보유/새상품/미사용/미개봉/안전결제/실시간 리뷰확
bracket_211,알뜰폰,알뜰폰,1,알뜰폰,번개장터:1,아이폰 16:1,[알뜰폰]아이폰16프로맥스256기가 [새상품/미개봉/정품/애케플]
bracket_212,애플기획전,애플기획전,1,애플기획전,번개장터:1,아이폰 16:1,[애플기획전]아이폰16/16플러스 일반 미사용제품 선착30명 특가판매
bracket_213,올갈이 민트급,올갈이 민트급,1,올갈이 민트급,중고나라:1,갤럭시 s25 플러스:1,[올갈이 민트급] 삼성 갤럭시 s25 플러스 s25+ 512GB 아이스블루 풀박스
bracket_214,외관 깔끔,외관 깔끔,1,외관 깔끔,중고나라:1,아이폰 16:1,[외관 깔끔] 아이폰 16프로 스페이스 그레이 128gb
bracket_215,인터넷보다 싼,인터넷보다 싼,1,인터넷보다 싼,번개장터:1,아이폰 17:1,"[인터넷보다 싼] 아이폰 17 케이스, 벨킨 디즈니 스티치"
bracket_216,자급제X/마지막재고,자급제X/마지막재고,1,자급제x 마지막재고,번개장터:1,갤럭시 s26:1,[자급제X/마지막재고]갤럭시S24 [256GB]
bracket_217,잔상 없음,잔상 없음,1,잔상 없음,번개장터:1,갤럭시 s26 울트라:1,[잔상 없음] 갤럭시S22울트라 256기가 부산중고폰 01697명지 울산
bracket_218,중고,중고,1,중고,중고나라:1,아이폰 17 프로 맥스:1,[중고] SMALLRIG IPHONE 17 PRO MAX DUAL HANDHELD KIT
bracket_219,직26,직26,1,직26,번개장터:1,갤럭시 s26:1,갤럭시S22 화이트 [직26]
bracket_220,케이스티파이,케이스티파이,1,케이스티파이,번개장터:1,갤럭시 s25 플러스:1,[케이스티파이] 갤럭시 s25 플러스 케이스 (맥세이프 임팩트 케이스)
bracket_221,택포,택포,1,택포,중고나라:1,아이폰 17:1,"[택포] 애플 C to C 케이블, 아이폰17 케이스, 그립톡 묶음"
bracket_222,판매완료,판매완료,1,판매완료,번개장터:1,아이폰 17:1,[판매완료] 자급제 아이폰17 256 화이트 풀박스
bracket_223,풀세트/역대급구성,풀세트/역대급구성,1,풀세트 역대급구성,중고나라:1,아이폰 16:1,[풀세트/역대급구성] 아이폰 16 Pro Max 1TB + 애플워치울트라2 + 에어팟4 + 에어태그 2개
bracket_224,품번 157,품번 157,1,품번 157,번개장터:1,갤럭시 s26:1,자급제 S급 갤럭시S24플러스 5G 256G 실버 [품번 157]
bracket_225,품번 178,품번 178,1,품번 178,번개장터:1,아이폰 17:1,S급같은 A+급 아이폰13미니 128G 핑크 [품번 178]
bracket_226,품번 179,품번 179,1,품번 179,번개장터:1,아이폰 17:1,A+급 아이폰14 128G 퍼플 [품번 179]
bracket_227,품번 181,품번 181,1,품번 181,번개장터:1,갤럭시 s26:1,A+급 갤럭시S22플러스 5G 256G 블랙 [품번 181]
bracket_228,품번 197,품번 197,1,품번 197,번개장터:1,갤럭시 s26:1,A급 갤럭시S22플러스 5G 256G 그린 [품번 197]
bracket_229,품번 198,품번 198,1,품번 198,번개장터:1,갤럭시 s26:1,A급 갤럭시S22플러스 5G 256G 블랙 [품번 198]
bracket_230,프로 할인,프로 할인,1,프로 할인,번개장터:1,아이폰 16:1,[프로 할인]아이폰16프로[새상품/미개봉/정품]
bracket_231,한정판S2,한정판S2,1,한정판s2,번개장터:1,아이폰 16:1,[한정판S2]케이스티파이X짱구 오프라인 케이스 아이폰16플러스
bracket_232,화이트/블랙,화이트/블랙,1,화이트 블랙,번개장터:1,아이폰 16:1,아이폰16E[화이트/블랙]미개봉 정품/새상품(256기가  가능합니다)
