keyword,split_tokens,split_tokens_count,name
게이밍 노트북,미개봉,101,[미개봉]HP 15인치 게이밍노트북 오멘(240/5060/램24/1TB)
게이밍 노트북,미개봉,101,[미개봉]에이서 프레데터 헬리오스 네오 16 AI 5070 게이밍노트북
게이밍 노트북,미개봉,101,[미개봉]기가바이트 어로스 MASTER 18 RTX5090 게이밍 노트북
게이밍 노트북,매입,9,[매입]미개봉 LG그램 갤럭시북 맥북 기업용 대량매입 게이밍 노트북
게이밍 노트북,단순개봉,10,[단순개봉]ASUS 비보북 V16 RTX4050  게이밍노트북 판매
게이밍 노트북,매입,9,[매입]갤럭시북프로 360 맥북 PC 게이밍노트북 24시간 출장방문매입
게이밍 노트북,최저가,75,[최저가]HP 16인치 게이밍노트북 오멘(7840HS/4060/1TB)
게이밍 노트북,매입,9,[매입]미개봉 LG그램 갤럭시북 맥북 기업용 대량매입 게이밍 노트북
게이밍 노트북,매입,9,[매입]ASUS 델 그램 게이밍노트북 미개봉 중고 기업용 대량 출장매입
게이밍 노트북,매입,9,[매입]미개봉 LG그램 갤럭시북 맥북 기업용 대량매입 게이밍 노트북
게이밍 노트북,15인치,2,[15인치] RTX5060 HP OMEN 영상편집 게이밍 노트북
게이밍 노트북,매입,9,[매입]게이밍노트북 맥북프로 맥북에어 M4 M3 미개봉최고가매입
게이밍 노트북,16인치,2,[16인치] RTX5060 ASUS 영상편집 게이밍 노트북
게이밍 노트북,최저가,75,[최저가]HP 16인치 게이밍노트북 오멘(6800H/3070Ti/1TB)
게이밍 노트북,미개봉,101,[미개봉]HP OMEM MAX 16 5070Ti 게이밍노트북 판매합니다
게이밍 노트북,대여,8,[대여]게이밍노트북 가성비형 RTX2060 1일 단기 렌탈 임대 빌리
게이밍 노트북,사은품+무료배송,1,[사은품+무료배송]게이밍 PC 철제 노트북 컴퓨터 데스크탑 테이블 책상
게이밍 노트북,풀박스,7,[풀박스] HP 빅터스 16 코어i7 RTX3060 16GB 노트북
게이밍 노트북,미개봉,101,[미개봉] 사이보그 게이밍노트북 (RTX4060)
게이밍 노트북,최저가,75,[최저가]HP 16인치 게이밍노트북 오멘(7840HS/4060/1TB)
게이밍 노트북,최저가,75,[최저가]Razer 14인치 게이밍노트북(6900HX/3070Ti/1TB
게이밍 노트북,대여,8,[대여]게이밍노트북 게이밍형 RTX3050 1일 단기 렌탈 임대 빌리
게이밍 노트북,최저가,75,[최저가]기가바이트 15인치 게이밍노트북(i9-10/3080/풀업글/4k
게이밍 노트북,최저가,75,[최저가]HP 16인치 게이밍노트북 오멘(i5-13/4060/QHD)
게이밍 노트북,최저가,75,[최저가]에이서 16인치 게이밍노트북 니트로(8845HS/4060/1TB
게이밍 노트북,미개봉,101,[미개봉] HP OMEN 16인치 (16-am0147TX) 게이밍노트북
게이밍 노트북,최저가,75,[최저가]HP 16인치 게이밍노트북 오멘(7840HS/4060/QHD)
게이밍 노트북,24시간무료출장매입,1,[24시간무료출장매입] 노트북매입 삼성 LG 그램 게이밍 맥북매입삽니다
게이밍 노트북,최저가,75,[최저가]HP 16인치 게이밍노트북 오멘(6800H/3070Ti/QHD)
게이밍 노트북,판매,8,[판매] MSI Sword 17 A11UE 게이밍 노트북 판매합니다 (A
게이밍 노트북,최저가,75,[최저가]ASUS 18인치 게이밍노트북 TUF(라이젠7 260/5060)
게이밍 노트북,최저가,75,[최저가]한성 17인치 게이밍노트북(i7-8th/2070/3TB)
게이밍 노트북,최저가,75,[최저가]MSI 17인치 게이밍노트북 브라보(7735HS/4060)
게이밍 노트북,최저가,75,[최저가]HP 16인치 게이밍노트북 오멘(8940HX/5060/1TB)
게이밍 노트북,최저가,75,[최저가]HP 15인치 게이밍노트북 빅터스(라이젠9 8945HS/4060
게이밍 노트북,최저가,75,[최저가]HP 16인치 게이밍노트북 오멘(라이젠9 365/5070/램32
게이밍 노트북,최저가,75,[최저가]MSI 15인치 게이밍노트북 GP66(i7-11/3080/1TB
게이밍 노트북,최저가,75,[최저가]MSI 17인치 게이밍노트북 알파(7945HX/4070/1TB)
게이밍 노트북,최저가,75,[최저가]ASUS 17인치 게이밍노트북 TUF(i7-13th/4050)
게이밍 노트북,무료배송,10,[무료배송]속도빠른 삼성 고급형 컴퓨터 본체 데스크탑 PC 가정 사무용
게이밍 노트북,최저가,75,[최저가]레노버 16인치 게이밍노트북 리전프(i9-13/4070/QHD)
게이밍 노트북,최저가,75,[최저가]HP 16인치 게이밍노트북 오멘슬림(225H/5050/QHD)
게이밍 노트북,최저가,75,[최저가]HP 16인치 게이밍노트북 오멘(7840HS/4060/1TB)
게이밍 노트북,최저가,75,[최저가]에이서 16인치 게이밍노트북 헬리오스(i5-14/4060/1TB
게이밍 노트북,최저가,75,[최저가]HP 16인치 게이밍노트북 오멘(i7-13th/4060/1TB)
게이밍 노트북,미개봉 | 새제품,4,[미개봉 새제품] 델 게이밍 노트북 Alienware 16 Aurora AC16250 판매합니다
게이밍 노트북,미개봉,101,[미개봉]기가바이트 어로스 MASTER 18 RTX5090 게이밍 노트북판매합니다
게이밍 노트북,미개봉,101,[미개봉]레노버 리전5 15AHP10 5060 24GB/512GB 게이밍 노트북판매합니다
게이밍 노트북,단순개봉,10,[단순개봉]ASUS TUF Gaming A18 RTX5050 게이밍노트북 판매합니다
게이밍 노트북,미개봉,101,[미개봉]HP OMEM MAX 16 5070Ti 게이밍노트북 판매합니다
게이밍 노트북,미개봉,101,[미개봉]HP 2026 오멘15 24GB/1TB RTX5060 게이밍노트북 판매합니다
게이밍 노트북,미개봉,101,[미개봉]레노버 리전5 15IRX10 5060 16GB/1TB 게이밍 노트북판매합니다
게이밍 노트북,단순개봉,10,[단순개봉]ASUS 비보북 V16 RTX4050 게이밍노트북 판매합니다
게이밍 노트북,단순개봉,10,[단순개봉]ASUS ROG 제피러스 G14 64GB/2TB RTX5080 게이밍노트북 판매합니다
게이밍 노트북,미개봉,101,[미개봉]에이서 프레데터 헬리오스 네오 16 AI 5070Ti 게이밍노트북 판매합니다
게이밍 노트북,단순개봉,10,[단순개봉]HP OMEM 17 RTX5060 16GB/512GB 게이밍노트북 판매합니다
게이밍 노트북,단순개봉,10,[단순개봉]에이서 프레데터 헬리오스 네오 16S AI 5060 게이밍 노트북 판매합니다
게이밍 노트북,미개봉,101,[미개봉]에이서 프레데터 헬리오스 네오 16 AI 5070 게이밍노트북 판매합니다
게이밍 노트북,미개봉,101,[미개봉]HP 15인치 게이밍노트북 오멘(라이젠5 240/5060/램24GB/1TB/QHD)
게이밍 노트북,최저가,75,[최저가]MSI 17인치 게이밍노트북 소드(i9-13th/4070/램32GB/2TB/QHD/240Hz)
게이밍 노트북,최저가,75,[최저가]HP 16인치 게이밍노트북 오멘(7840HS/4060/1TB/QHD/240Hz)
게이밍 노트북,최저가,75,[최저가]GIGABYTE 16인치 게이밍노트북 어로스(i7-14th/4070/1TB/QHD)
게이밍 노트북,최저가,75,[최저가]기가바이트 15인치 게이밍노트북 에어로(i7-11th/3060/램32GB/4k)
게이밍 노트북,설명필독,1,[설명필독] MSI 17인치 게이밍 노트북 팝니다 (i7/gtx1080/램24gb/nvme256gb+hdd1tb)
게이밍 노트북,최저가,75,[최저가]MSI 17인치 게이밍노트북 소드(i9-13th/4070/램32GB/2TB/QHD/240Hz)
게이밍 노트북,최저가,75,[최저가]GIGABYTE 16인치 게이밍노트북 어로스(i7-14th/4070/1TB/QHD)
게이밍 노트북,미개봉,101,[미개봉]HP 15인치 게이밍노트북 오멘(라이젠5 240/5060/램24GB/1TB/QHD)
게이밍 노트북,최저가,75,[최저가]HP 16인치 게이밍노트북 오멘(7840HS/4060/1TB/QHD/240Hz)
게이밍 노트북,최저가,75,[최저가]기가바이트 15인치 게이밍노트북 에어로(i7-11th/3060/램32GB/4k)
게이밍 노트북,16인치,2,[16인치] RTX5060 ASUS 영상편집 게이밍 노트북
게이밍 노트북,미개봉,101,[미개봉]HP 15인치 게이밍노트북 오멘(라이젠5 240/5060/램24GB/1TB/QHD)
게이밍 노트북,최저가,75,[최저가]MSI 17인치 게이밍노트북 소드(i9-13th/4070/램32GB/2TB/QHD/240Hz)
게이밍 노트북,최저가,75,[최저가]HP 16인치 게이밍노트북 오멘(7840HS/4060/1TB/QHD/240Hz)
게이밍 노트북,최저가,75,[최저가]GIGABYTE 16인치 게이밍노트북 어로스(i7-14th/4070/1TB/QHD)
게이밍 노트북,최저가,75,[최저가]기가바이트 15인치 게이밍노트북 에어로(i7-11th/3060/램32GB/4k)
게이밍 노트북,최저가,75,[최저가]MSI 17인치 게이밍노트북 소드(i9-13th/4070/램32GB/2TB/QHD/240Hz)
게이밍 노트북,미개봉,101,[미개봉]HP 15인치 게이밍노트북 오멘(라이젠5 240/5060/램24GB/1TB/QHD)
게이밍 노트북,최저가,75,[최저가]HP 16인치 게이밍노트북 오멘(7840HS/4060/1TB/QHD/240Hz)
게이밍 노트북,최저가,75,[최저가]기가바이트 15인치 게이밍노트북 에어로(i7-11th/3060/램32GB/4k)
게이밍 노트북,최저가,75,[최저가]GIGABYTE 16인치 게이밍노트북 어로스(i7-14th/4070/1TB/QHD)
게이밍 노트북,15인치,2,[15인치] RTX5060 HP OMEN 영상편집 게이밍 노트북
게이밍 노트북,최저가,75,[최저가]HP 16인치 게이밍노트북 오멘(6800H/3070Ti/1TB/QHD)
게이밍 노트북,풀박스,7,[풀박스] HP 빅터스 16 코어i7 RTX3060 16GB 512GB 고성능 게이밍노트북
게이밍 노트북,단순개봉,10,[단순개봉]ASUS 제피러스 G16 RTX 5070Ti 64g 고사양 게이밍 노트북
게이밍 노트북,최저가,75,[최저가]HP 16인치 게이밍노트북 오멘(6800H/3070Ti/1TB/QHD)
게이밍 노트북,A급 | 배터리,1,델 G15 고성능 게이밍노트북 라이젠7 RTX3060 로아·배그 [A급 배터리]
게이밍 노트북,최저가,75,[최저가]HP 16인치 게이밍노트북 오멘(7840HS/4060/1TB/QHD/240Hz)
게이밍 노트북,단순개봉,10,[단순개봉] 사이보그 게이밍노트북 (RTX4060)
게이밍 노트북,단순개봉,10,"[단순개봉] 어로스 16X 고성능 게이밍노트북 (i7, RTX4070)"
게이밍 노트북,최저가,75,[최저가]HP 16인치 게이밍노트북 오멘(7840HS/4060/1TB/QHD/240Hz)
게이밍 노트북,제주&택배,1,[제주&택배] 에이서 프레데터 헬리오스 네오 16 게이밍 노트북 RTX4060(TGP 140W)
게이밍 노트북,최저가,75,[최저가]레노버 16인치 게이밍노트북 리전슬림5(8845HS/4070/1TB/QHD)
게이밍 노트북,최저가,75,[최저가]레이저 14인치 게이밍노트북(6900HX/3070Ti/1TB/QHD)
게이밍 노트북,최저가,75,[최저가]레노버 16인치 게이밍노트북 리전슬림5(8845HS/4070/1TB/QHD)
게이밍 노트북,최저가,75,[최저가]레이저 14인치 게이밍노트북(6900HX/3070Ti/1TB/QHD)
게이밍 노트북,최저가,75,[최저가]기가바이트 15인치 게이밍노트북 에어로(i9-10th/3080/램32GB/1TB/4K OLED)
게이밍 노트북,최저가,75,[최저가]기가바이트 15인치 게이밍노트북 에어로(i9-10th/3080/램32GB/1TB/4K OLED)
게이밍 노트북,최저가,75,[최저가]HP 16인치 게이밍노트북 오멘(i5-13th/4060/QHD/240Hz)
게이밍 노트북,최저가,75,[최저가]GIGABYTE 16인치 게이밍노트북 어로스(i7-14th/4070/1TB/QHD)
게이밍 노트북,최저가,75,[최저가]기가바이트 17인치 게이밍노트북 에어로(i7-12th/3070Ti/1TB/4K 미니LED)
게이밍 노트북,최저가,75,[최저가]에이서 16인치 게이밍노트북 니트로(8845HS/4060/1TB)
게이밍 노트북,최저가,75,[최저가]에이서 16인치 게이밍노트북 니트로(8845HS/4060/1TB)
게이밍 노트북,최저가,75,[최저가]GIGABYTE 16인치 게이밍노트북 어로스(i7-14th/4070/1TB/QHD)
게이밍 노트북,최저가,75,[최저가]HP 16인치 게이밍노트북 오멘(i5-13th/4060/QHD/240Hz)
게이밍 노트북,최저가,75,[최저가]기가바이트 17인치 게이밍노트북 에어로(i7-12th/3070Ti/1TB/4K 미니LED)
게이밍 노트북,최저가,75,[최저가]HP 16인치 게이밍노트북 오멘슬림(i7-14th/4060/1TB/QHD/240Hz)
게이밍 노트북,최저가,75,[최저가]HP 16인치 게이밍노트북 오멘(7840HS/4060/QHD/240Hz)
게이밍 노트북,최저가,75,[최저가]MSI 17인치 게이밍노트북 브라보(7735HS/4060)
게이밍 노트북,최저가,75,[최저가]ASUS 14인치 게이밍노트북 A14(8845HS/4060/램32GB/QHD)
게이밍 노트북,최저가,75,[최저가]ASUS 14인치 게이밍노트북 A14(8845HS/4060/램32GB/QHD)
게이밍 노트북,최저가,75,[최저가]HP 15인치 게이밍노트북 빅터스(라이젠9 8945HS/4060)
게이밍 노트북,최저가,75,[최저가]ASUS 15인치 게이밍노트북 TUF(8845HS/4060/QHD)
게이밍 노트북,최저가,75,[최저가]ASUS 14인치 게이밍노트북 A14(8845HS/4060/램32GB/QHD)
게이밍 노트북,최저가,75,[최저가]HP 16인치 게이밍노트북 오멘(라이젠9 365/5070/램32GB/QHD/240Hz)
게이밍 노트북,최저가,75,[최저가]MSI 15인치 게이밍노트북 GP66(i7-11th/3080/1TB/240Hz)
게이밍 노트북,최저가,75,[최저가]ASUS 15인치 게이밍노트북 TUF(8845HS/4060/QHD)
게이밍 노트북,최저가,75,[최저가]MSI 15인치 게이밍노트북 GP66(i7-11th/3080/1TB/240Hz)
게이밍 노트북,최저가,75,[최저가]HP 16인치 게이밍노트북 오멘(라이젠9 365/5070/램32GB/QHD/240Hz)
게이밍 노트북,최저가,75,[최저가]MSI 17인치 게이밍노트북 알파17(7945HX/4070/1TB/QHD/240Hz)
게이밍 노트북,최저가,75,[최저가]MSI 15인치 게이밍노트북 GP66(i7-11th/3080/1TB/240Hz)
게이밍 노트북,최저가,75,[최저가]레노버 15인치 게이밍노트북 LOQ(i5-12th/4050)
게이밍 노트북,최저가,75,[최저가]MSI 17인치 게이밍노트북 알파17(7945HX/4070/1TB/QHD/240Hz)
게이밍 노트북,판매,8,[판매] MSI Sword 17 A11UE 게이밍 노트북 판매합니다 (A급)
맥미니 m4,풀박스,7,[풀박스]애플 맥미니A3238 M4/16G/1TB/10C GPU
스텔라이브,급처,5,[급처]스텔라이브 유니 향수 및 봄빛데이트 특전 판매
스텔라이브,구매글,7,"[구매글] 스텔라이브 텐코 시부키 앨범 B,C,팬딩 미공포 포토카드 구매"
스텔라이브,구매,27,[구매] 스텔라이브 부키 워터보틀 구합니다
스텔라이브,교환,25,"[교환]스텔라이브 리제,린 미공포-> 부키 미공포"
스텔라이브,교환,25,[교환] 스텔라이브 MV 포토카드 교환 구합니다
스텔라이브,"교환,구함",1,"[교환,구함] 스텔라이브 리코 히나 > 시부키 구합니다"
스텔라이브,판매,8,[판매] 스텔라이브 각종 굿즈 정리
스텔라이브,교환,25,[교환] 스텔라이브 스타트레일 앨범 무신사 특전 포카 리제 린
스텔라이브,구매글 | 본문확인,1,[구매글/본문확인] 스텔라이브 유즈하 리코 굿즈
스텔라이브,구매글,7,[구매글] 스텔라이브 2025 봄빛데이트 유즈하 리코 향수
스텔라이브,구매,27,[구매] 스텔라이브 텐코 시부키 팬딩 미공포 B삽니다
스텔라이브,구매,27,[구매]스텔라이브 star trail 팬딩 합본 구매합니다
스텔라이브,미개봉,101,[미개봉] 스텔라이브 agf 애니플러스 텐코 시부키 아크릴 판매합니다
스텔라이브,구매글,7,[구매글] 스텔라이브 유즈하리코 A ver. 포카 구합니다
스텔라이브,구매,27,[구매] 스텔라이브 봄빛데이트 캔뱃지 구합니다
스텔라이브,급처,5,[급처] 스텔라이브 페스티벌 스트링백 미개봉
스텔라이브,교환,25,[교환] 스텔라이브 무신사 포토카드 교환
스텔라이브,구매,27,[구매] 스텔라이브 애니메이트 데스크매트 장패드 구합니다 ㅠㅠㅠ
스텔라이브,구매,27,[구매] 스텔라이브 팬딩 미공포 구합니다 (한 장도 가능)
스텔라이브,구매글,7,[구매글] 스텔라이브 콘서트 부키 체키 구합니다
스텔라이브,구매,27,[구매] 스텔라이브 앨범 C버전 리코 포카 구합니다
스텔라이브,삽니다,10,"[삽니다] 스텔라이브 포토카드 린, 시로"
스텔라이브,구해요,2,[구해요] 스텔라이브 스타트레일 포토카드 포카
스텔라이브,교환 | 판매,1,[교환 / 판매] 히나 -> 린 / 리코 스텔라이브 스타트레일 히나 앨범
스텔라이브,교환,25,[교환] 스텔라이브 앨범 팬딩 미공포
스텔라이브,공식 | 한정판,1,[공식 한정판] 스텔라이브 서코 핀버튼 히나
스텔라이브,교환,25,[ 교환 ] 스텔라이브 나나 굿즈로 린 굿즈 교환 구해용
스텔라이브,교환,25,[ 교환 ] 스텔라이브 리코 굿즈로 린 굿즈 교환 구해용
스텔라이브,교환,25,[ 교환 ] 스텔라이브 부키 굿즈로 린 굿즈 교환 구해용
스텔라이브,교환,25,[ 교환 ] 스텔라이브 히나 굿즈로 린 굿즈 구해용
스텔라이브,교환,25,[교환] 스텔라이브 스타트레일 히나 앨범(리코앨범 환영)
스텔라이브,무료나눔,1,[무료나눔]귀엽게 그려드려용
스텔라이브,구매,27,[구매] 스텔라이브 멤버십 5기 키트 포토카드 구합니다
스텔라이브,구매,27,[구매] 스텔라이브 아라하시 타비 미공포 2종 무신사 팬딩
스텔라이브,구매,27,[구매] 스텔라이브 아오쿠모 린 미공포 무신사 팬딩 2종 구매
스텔라이브,교환,25,[교환] 스텔라이브 star trail 포토카드
스텔라이브,구매,27,[구매] 스텔라이브 star trail 스페셜 포토카드
스텔라이브,교환,25,[교환] 스텔라이브 린 앨범(포카x) <-> 나나 앨범(포카x)
스텔라이브,판매 | 마지막,1,스텔라이브 애니플러스 콜라보 시부키 아크릴 코롯토[판매/마지막]
스텔라이브,교환,25,[교환] 스텔하이브 앨범 포토카드 교환
스텔라이브,구매,27,[구매] 스텔라이브 스타트레일 팬딩 앨범 합본 구해요
스텔라이브,구매,27,[구매] 팬딩 리제 미공포 스텔라이브 앨범
스텔라이브,교환,25,[교환] 팬딩 부키 구함
스텔라이브,교환 | 및 | 판매,1,[교환 및 판매] 스텔라이브 하나코 나나 evo75키보드
스텔라이브,교환,25,"[교환] 스텔라이브 앨범 팬딩 시로, 부키 특전 둘중하나로 무신사 리코구"
스텔라이브,교환 | 또는 | 구매,1,[교환 또는 구매]아카네 리제 스페셜 포카 구해요
스텔라이브,교환,25,[교환] 모두 구함
스텔라이브,무료배송,10,[무료배송]스텔라이브 1기 아야츠노 유니 비공식 코롯토 아크릴 굿즈
스텔라이브,교환,25,"[교환] 무신사 미공개 포토 카드 나나, 부키 -> 린"
스텔라이브,교환,25,[교환] 스텔라이브 린 무신사 미공개 포카 교환 합니다.
스텔라이브,"교환, | 구매",1,"[교환, 구매] 스텔라이브 아카네 리제 팬딩 미공포 교환"
스텔라이브,구매글,7,"[구매글]스텔라이브 하나코나나 스타트레일 미공포 2종, 일반포카 구합니다"
스텔라이브,구매,27,[구매] 스텔라이브 앨범 아카네 리제 버전
스텔라이브,"구매, | 교환",1,"[구매, 교환] 스텔라이브 앨범 팬딩 미공포 리제 구합니다."
스텔라이브,스텔라이브 | 교환,1,[스텔라이브 교환]  팬딩 시로>팬딩타비 교환구해봅니다
스텔라이브,교환글,1,[교환글] 스텔라이브 팬딩 미공개 포토카드 히나 <-> 리코
스텔라이브,구매,27,[구매] 스텔라이브 아오쿠모 린 포카 구해요 !
스텔라이브,교환,25,[교환] 스텔라이브 더현대 칸나 맨투맨으로 반팔티 구합니다.
스텔라이브,아야츠노 | 유니,1,땅숙 스텔라이브 [아야츠노 유니] 말랑쿠션 양면 미개봉
스텔라이브,택포4.4,1,[택포4.4]스텔라이브 하임 스페셜 리코 화이트
스텔라이브,구매,27,"[구매] 스텔라이브 AGF 장패드, LD 캔뱃지 구매합니다"
스텔라이브,급처,5,[급처]스텔라이브 콘서트 핫피
스텔라이브,STAR | TRAIL,2,스텔라이브앨범(STELLIVE) 1st Album [STAR TRAIL]
스텔라이브,구매,27,[구매] 스텔라이브 아카네 리제 STARTRAIL 앨범
스텔라이브,판매,8,[판매] 스텔라이브 애니플러스 콜라보 마시로
스텔라이브,구매,27,[구매]스텔라이브 star trail 팬딩 합본 구매합니다
스텔라이브,구매,27,[구매] 스텔라이브 부키 워터보틀 구해요
스텔라이브,교환,25,[교환] 무신사 미공포 유니로 무신사 미공포 린 구합니다. 스텔라이브 스타트레일 포카
스텔라이브,급처,5,[급처]스텔라이브 아오쿠모 린 슬로건 타월
스텔라이브,STAR | TRAIL,2,스텔라이브 단체 앨범 스텔라이브(STELLIVE) 1st Album [ STAR TRAIL ]
스텔라이브,판매,8,[판매] 스텔라이브 각종 굿즈 정리해요
맥스튜디오,삽니다,10,[삽니다] 맥스튜디오 m1/m2 max 64gb 1tb
맥스튜디오,삽니다,10,[삽니다] 맥스튜디오 64gb
붉은사막,스팀pc,1,[스팀pc] 붉은사막 코드등록 삽니다. (대리포함)
붉은사막,붉은사막번들,1,RX 9070 사파이어 퓨어 16GB [붉은사막번들] 미개봉
붉은사막,미개봉,101,[미개봉] 사파이어 RX 9070 XT 니트로 + 붉은사막 코드 최상급 플래그쉽
붉은사막,구매,27,[구매] 붉은사막 코드 삽니다
붉은사막,구매,27,"[구매] 국산게임 붉은사막 콜렉터즈 에디션 PS5,PC판 두개 한국정발패키지"
붉은사막,미개봉,101,[미개봉] ps5 붉은사막 컬렉터즈 한정판 콜렉터즈
바이씨니,새상품,70,[새상품] 바이씨니 제작 헤링본 스커트 free
바이씨니,새상품,70,[새상품] 바이씨니 제작 나일야상
바이씨니,새상품,70,[새상품] 바이씨니 제작 캬라멜무스탕 브라운
바이씨니,새상품,70,[새상품] 바이씨니 블루밍 꽃 블라우스 (핑크)
바이씨니,새상품,70,[새상품] 바이씨니 뜨개꽃 레이스 스커트
바이씨니,새상품,70,[새상품] 바이씨니 쫀디기 스커트
바이씨니,오늘만,17,[오늘만]바이씨니 트윙클블라우스 (그레이)
바이씨니,오늘만,17,[오늘만]바이씨니 요들블라우스
바이씨니,오늘만,17,[오늘만]바이씨니 새콤달콤 베스트 (조끼)
바이씨니,오늘만,17,[오늘만]바이씨니 라인레깅스
바이씨니,오늘만,17,[오늘만]바이씨니 비쥬트위드셋업(자켓+스커트)
바이씨니,오늘만,17,[오늘만]바이씨니 제작 블루자수블라우스
바이씨니,오늘만,17,[오늘만]바이씨니 숏리본자켓
바이씨니,오늘만,17,[오늘만]바이씨니 꿀렁반팔블라우스
바이씨니,오늘만,17,[오늘만]바이씨니 코진브이자켓 (코코아)
바이씨니,새상품,70,[새상품] 바이씨니 파우더패딩 핑크
바이씨니,새상품,70,[새상품] 바이씨니 제작 에르무스탕 베이지
바이씨니,무배,1,[무배] 바이씨니 꽃결 롱스커트
바이씨니,새상품,70,[새상품] 바이씨니 제작 체크쁘띠스커트
바이씨니,새상품,70,[새상품] 바이씨니 제작 로즈트위드
바이씨니,새상품,70,[새상품] 바이씨니 제인 프릴 블라우스
바이씨니,새상품,70,[새상품] 바이씨니 제작 베리슈 트위드 베스트 조끼
바이씨니,새상품,70,[새상품] 바이씨니 제작 치크팝 트위드 자켓 피치 free
바이씨니,새상품,70,[새상품] 바이씨니 제작 엘리샤 원피스 크림 free
바이씨니,바이씨니,3,[바이씨니] 단독 제주꽃 ops
바이씨니,새상품,70,[새상품] 바이씨니 그레이스 블라우스
바이씨니,바이씨니,3,[바이씨니][새상품] 제작지지미체크팬츠 L
바이씨니,새상품,70,[바이씨니][새상품] 제작지지미체크팬츠 L
바이씨니,바이씨니,3,[바이씨니][새상품] 제작 제니수술가디건
바이씨니,새상품,70,[바이씨니][새상품] 제작 제니수술가디건
바이씨니,오늘만,17,[오늘만]바이씨니 린넨야상
바이씨니,새상품,70,[새상품] 바이씨니 제작 인형 미니 원피스 블랙
바이씨니,차콜,1,바이씨니 비엔나 트렌치[차콜]
바이씨니,새상품,70,[새상품] 바이씨니 제작 치크팝 트위드
바이씨니,거의새것,2,[거의새것]바이씨니 제작 소프트프릴 원피스 키작녀
바이씨니,새상품,70,[새상품] 바이씨니 제작 스모크펀칭 팬츠 (아이)
바이씨니,새상품,70,[새상품] 바이씨니 제작 자가드반바지 (소라)
바이씨니,새상품,70,[새상품] 바이씨니 제작 피넛 스커트 (아이보리)
바이씨니,새상품,70,[새상품] 바이씨니 제작 겹벚꽃자수 스커트
바이씨니,새상품,70,[새상품] 바이씨니 제작 스완샤 원피스 오리지널 (블랙)
바이씨니,새상품,70,[새상품] 바이씨니 단독 플라워뷔티블라 (연보라)
바이씨니,새상품,70,[새상품] 바이씨니 제작 팡팡 블라우스 연노랑
바이씨니,새상품,70,[새상품] 바이씨니 제작 타이 블라우스
바이씨니,팝니다,1,[팝니다] 바이씨니 제작 치크팝 트위드 자켓 피치 Free 새상품
바이씨니,오늘만,17,[오늘만]바이씨니 날라리플리츠세트
바이씨니,오늘만,17,[오늘만]바이씨니 제작 블루자수블라우스
바이씨니,오늘만,17,[오늘만]바이씨니 비쥬트위드 투피스 셋업 [프리/롱] 자켓+스커트
바이씨니,프리 | 롱,1,[오늘만]바이씨니 비쥬트위드 투피스 셋업 [프리/롱] 자켓+스커트
바이씨니,오늘만,17,[오늘만]바이씨니 꿀렁반팔블라우스
바이씨니,가격내림,2,[가격내림] 바이씨니 제작 까나 트위드 자켓 블랙(검정) Free 미개봉 새상품 판매합니다!!
바이씨니,새상품,70,[새상품] 바이씨니 제작체크쁘띠 스커트
바이씨니,오늘만,17,[오늘만]바이씨니 새콤달콤 베스트 (조끼)
바이씨니,오늘만,17,[오늘만]바이씨니 숏리본자켓
바이씨니,거의새것,2,[거의새것]바이씨니 제작 리봉봉자켓 브라운
바이씨니,새상품,70,[새상품] 바이씨니 쫀디기 스커트
바이씨니,새상품,70,[새상품] 바이씨니 뜨개꽃 레이스 스커트
바이씨니,오늘만,17,[오늘만]바이씨니 라인레깅스
바이씨니,새상품,70,[새상품] 바이씨니 제작 로즈트위드
바이씨니,가격내림,2,[가격내림] 바이씨니 제작 치크팝 트위드 자켓 피치 Free 새상품 팝니다.!!!
안스리움,안스리움,3,[안스리움] 레드 크리스탈리넘
안스리움,그랜트택포함,2,#1개남음 [그랜트택포함] 안스리움 RVDP X Night Dragon 예약
안스리움,그랜트택포함,2,#1개남음 [그랜트택포함] 안스리움 Red Crystal(Mohwak) X Labyrinth 예약
안스리움,택배불가,4,[택배불가] 안스리움 블랙다이아몬드(리갈레x럭셔리) 대품
안스리움,택배불가,4,[택배불가] 안스리움 SP 바리에가타 대품
안스리움,택배불가,4,[택배불가] 안스리움 레이븐소울 대품
안스리움,택배불가,4,[택배불가] 안스리움 레이븐하트 대품
안스리움,대품,1,안스리움 베이치 [대품]
안스리움,안스리움,3,[안스리움] 레드 크리스탈리넘 유묘
안스리움,안스리움,3,[안스리움] 레드 크리스탈리넘 유묘
메탈빌드,구매,27,[구매]메탈빌드 에반게리온 초호기 2020
메탈빌드,미개봉,101,[미개봉] 메탈빌드 레바테인 아바레스트 레퍼런스
메탈빌드,미개봉,101,[미개봉] 메탈빌드 에반게리온 2호기 [EVA 2020]
메탈빌드,EVA | 2020,4,[미개봉] 메탈빌드 에반게리온 2호기 [EVA 2020]
메탈빌드,미개봉,101,[미개봉] 메탈빌드 에반게리온 초호기 [EVA 2020]
메탈빌드,EVA | 2020,4,[미개봉] 메탈빌드 에반게리온 초호기 [EVA 2020]
메탈빌드,미개봉,101,[미개봉] 메탈빌드 스나이퍼 팩
메탈빌드,미개봉,101,송포~[미개봉]다반 MG 8802S 스트라이크 프리덤 소울블루 메탈빌드버
메탈빌드,구매글,7,"[ 구매글 ] 메탈빌드, 메탈컴포짓, 메탈로봇혼 구매 합니다."
메탈빌드,미개봉 | 새상품,13,[미개봉 새상품]초합금50주년 메탈빌드 에반게리온 초호기exclusive
메탈빌드,타마시이 | 한정,4,메탈빌드 건담 듀나메스&데바이즈 듀나메스 [타마시이 한정]
메탈빌드,타마시이 | 한정,4,메탈빌드 드래곤 스케일 서바인 (하얀 비보) [타마시이 한정]
메탈빌드,미개봉,101,[미개봉] 메탈빌드 하이뉴 건담 하이퍼 메가 바주카 런처 옵션 셋
메탈빌드,미개봉,101,[미개봉] 메탈빌드 크로스본 건담 X1 패치워크
메탈빌드,타마시이 | 한정,4,판매완료)메탈빌드 캠퍼 [타마시이 한정]
메탈빌드,Re:PACKAGE,1,메탈빌드 스트라이크 프리덤 빛의 날개 [Re:PACKAGE] 신품 판매
메탈빌드,미개봉,101,[미개봉] 메탈빌드 스트라이크 프리덤 건담 (메탈빌드 페스티발 2024)
메탈빌드,미개봉,101,[미개봉] 메탈빌드 건담 아스트레아 타입X 핀스터니스
메탈빌드,미개봉,101,[미개봉] 메탈빌드 프로토 잔 유닛 (XN UNIT)
메탈빌드,타마시이 | 한정,4,반다이 메탈빌드 런처 스트라이커 [타마시이 한정] 미개봉
메탈빌드,미개봉,101,[미개봉] 반다이 메탈빌드 데스티니 건담 2024 풀패키지 + 특전 카드
메탈빌드,반다이,2,[반다이] 메탈빌드 외 판매합니다
메탈빌드,메탈빌드 | 에반게리온 | 30주년 | 가이우스의창 | 미개봉품,1,[메탈빌드 에반게리온 30주년 가이우스의창 미개봉품]
메탈빌드,미개봉,101,[미개봉] 메탈빌드 하이뉴
메탈빌드,미개봉,101,[미개봉] 메탈빌드 제타
메탈빌드,미개봉,101,[미개봉] 메탈빌드 캠퍼
메탈빌드,반다이,2,"[반다이] 하이레졸,메탈빌드,포메니아EX 외 판매합니다"
메탈빌드,미개봉,101,송포~[미개봉]다반 MG 8802S 스트라이크 프리덤 소울블루 메탈빌드버전
메탈빌드,일괄판매,3,"[일괄판매] 철기교,메탈빌드,센티넬"
메탈빌드,메탈빌드,1,[메탈빌드] 장도모형 천미 기갑 / 메탈빌드 저스티스 건담 / 메탈빌드 트랜스암 라이저
메탈빌드,메탈빌드 | 인피니티,1,[메탈빌드 인피니티] 스트라이크 건담 혼웹한정판
메탈빌드,미개봉,101,[미개봉] 메탈빌드 크로스본 건담 X1 패치워크
메탈빌드,미개봉,101,[미개봉] 메탈빌드 레바테인 아바레스트 레퍼런스
메탈빌드,미개봉,101,[미개봉] 메탈빌드 에반게리온 2호기 [EVA 2020]
메탈빌드,EVA | 2020,4,[미개봉] 메탈빌드 에반게리온 2호기 [EVA 2020]
메탈빌드,미개봉,101,[미개봉] 메탈빌드 하이뉴 건담 하이퍼 메가 바주카 런처 옵션 셋
메탈빌드,미개봉,101,[미개봉] 메탈빌드 에반게리온 초호기 [EVA 2020]
메탈빌드,EVA | 2020,4,[미개봉] 메탈빌드 에반게리온 초호기 [EVA 2020]
메탈빌드,미개봉,101,[미개봉] 메탈빌드 스트라이크 프리덤 건담 (메탈빌드 페스티발 2024)
메탈빌드,미개봉,101,[미개봉] 메탈빌드 건담 아스트레아 타입X 핀스터니스
메탈빌드,미개봉,101,[미개봉] 메탈빌드 프로토 잔 유닛 (XN UNIT)
메탈빌드,삽니다,10,[삽니다]메탈빌드 하이퍼 메가 런처 삽니다
y700,SSS+급,2,[SSS+급] 국내정발. 레노버 Legion Y700 3세대 모델.
y700,"230,275",1,"[230,275] yeezy 이지 700 스태틱"
y700,y703,1,구매) 미니7 or y700 삽니다 [y703][y704]
y700,y704,2,구매) 미니7 or y700 삽니다 [y703][y704]
y700,미개봉,101,[미개봉] 3RSYS GT700 고급형 튜닝케이스 (오픈형) 새제품
y700,Y704,0,Y700 4세대 [Y704] S급
y700,아일릿원희 | 디카,1,"[아일릿원희 디카] 캐논 익서스 SD550(IXY 700,ixus750)"
y700,소니코리아 | 정발 | 새제품,1,[소니코리아 정발 새제품] SONY XB700 베이스 강화 이어폰
y700,부품,1,[부품] 레노버 Lenovo Y700-15isk 키보드 터치패드 배터리
y700,SSS+급,2,[SSS+급] 국내정발. 레노버 Legion Y700 3세대 모델. 레노버코리아 한국 전용 국내 정식 출고 제품.
y700,국내정발,1,[국내정발] 미사용 새 제품 레노버 Lenovo Legion 리전 Y700 3세대(레노버코리아 정식 발매 제품)
y700,상태 | Good!!,2,[상태 Good!!][풀박스] 레노버 리전 Y700 2세대 중국 내수용 + 정품 케이스
y700,풀박스,7,[상태 Good!!][풀박스] 레노버 리전 Y700 2세대 중국 내수용 + 정품 케이스
y700,상태 | Good!!,2,[상태 Good!!][풀박스] 레노버 리전 Y700 4세대 중국 내수용 + 정품 케이스 2개(블랙1/화이트1)
y700,풀박스,7,[상태 Good!!][풀박스] 레노버 리전 Y700 4세대 중국 내수용 + 정품 케이스 2개(블랙1/화이트1)
y700,삽니다,10,"[삽니다] y700 2세대 삽니다, 중국 내수용 구합니다."
a7c2,260,1,[260] NICENESS GEORGIA 7사이즈
a7c2,일괄,5,[일괄] 소니 A7C(5천컷 미만/26년 11월 보증)+20G+55ZA
a7c2,270,2,[270] ASICS 젤 큐물러스 16 1203A733-102
a7c2,1201A789-100,1,아식스 ASICS [1201A789-100] 러닝화 운동화
a7c2,1201A789-250,1,아식스 ASICS [1201A789-250] 러닝화 운동화
5090,새상품,70,[새상품]9800x3d RTX 5090 아스트랄 화이트 데스크탑
5090,F50905,1,Kaye Su 블랙 플리츠 롱 원피스 민소매 77 [F50905]
5090,유아동12~24M,1,[유아동12~24M] 포터리반 리버시블햇모자 (새상품) 1050903
5090,25090906,1,새상품) INGNI 스커트 [25090906]
5090,새제품,9,[새제품] 9800x3d B850 RTX 5090 아스트랄 화이트 데스크탑 수냉 PC
5090,미개봉,101,[미개봉] MSI 지포스 RTX 5090 슈프림 SOC D7 32GB 하이퍼프로져
5090,교환,25,[교환] rtx 5090 슈프림 -> 5090 어로스 마스터 교환
5090,미개봉,101,[미개봉] ASUS ROG Astral 지포스 RTX 5090 WHITE OC D7 32GB 인텍앤컴퍼니
5090,교환,25,[교환]레노보 리젼 프로7i(64/5tb) 5090=>레이저블레이드16 5090
5090,미개봉,101,[미개봉] 기가바이트 RTX 5090 어로스마스터 판매
5090,교환,25,[교환]Lenovo Legion Pro7i(64/5tb) 5090=>razer blade16 5090
5090,구매,27,[구매] 레이저블레이드 16 5090 razerblade 16 구매
5090,미개봉,101,[미개봉]ASUS ROG 지포스 RTX 5090 ASTRAL WHITE 5090 아스트랄
골드바,미사용,2,[미사용] 도쿄올림픽 기념주화 1만엔(볼마커)
골드바,보증서포함,1,(부산/경남권 직거래) 순금 포나인 골드바 7돈 [보증서포함]
골드바,"매입,판매",9,"[매입,판매]5월21일 금매매 합니다(골드바,주물금)"
골드바,"매입,판매",9,"[매입,판매]5월20일 금매매 합니다(골드바,주물금)"
골드바,"매입,판매",9,"[매입,판매]5월19일 금매매 합니다(골드바,주물금)"
골드바,"매입,판매",9,"[매입,판매]5월18일 금매매 합니다(골드바,주물금)"
골드바,부산,1,엠에스 순금 골드바 팝니다[ 부산]
골드바,"매입,판매",9,"[매입,판매]5월15일 금매매 합니다(골드바,주물금)"
골드바,"매입,판매",9,"[매입,판매]5월14일 금매매 합니다(골드바,주물금)"
골드바,"매입,판매",9,"[매입,판매]5월13일 금매매 합니다(골드바,주물금)"
골드바,새거.4천원,1,[새거.4천원]진주골드바 귀걸이 화이트.그레이
골드바,"매입,판매",9,"[매입,판매]5월12일 금매매 합니다(골드바,주물금)"
골드바,"매입,판매",9,"[매입,판매]5월11일 금매매 합니다(골드바,주물금)"
골드바,매입,9,"[매입]5월9일 금매입 합니다(골드바,주물금)"
ps5,PS5,11,"[PS5] (플스5) 펄스 3D, 무선 헤드셋 (풀박스 구성)"
ps5,PS5,11,[PS5] (플스5) 플레이스테이션5 디스크 (풀박스 구성)
ps5,G | FORE,1,지포어 [G/FORE] 아노락 3PS 5부팬츠 세트
ps5,미개봉,101,[미개봉]PS5 울프팽 스컬팽
ps5,미개봉,101,[미개봉]PS5 소닉 윙즈 리유니온
ps5,PS5,11,[PS5] 듀얼센스 충전 거치대 CFI-ZDS1K
ps5,한글 | 중고,4,[한글/중고] PS5 저스트댄스 2021/리듬 저댄 JUST DANCE
ps5,영어 | 중고,2,[영어/중고] PS4 피파 18/스포츠/축구/EA FIFA 2018
ps5,신품급,2,[신품급] ps5 플스5 프로 + 디스크 드라이브 (풀박)
ps5,테스트 | 1회 | 사용,1,[테스트 1회 사용] ps4 플래티넘 헤드셋 ps5 사용가능 무선.
ps5,PS5,11,새상품 [PS5] NBA 2K26 한글판
ps5,한글 | 중고,4,[한글/중고] PS4 사가 스칼렛 그레이스 진홍색 야망/RPG/롤플레잉
ps5,한정판 | 풀셋,1,[한정판/풀셋] PS5 30주년 슬림 디지털 + 디스크 드라이브 박스 풀
ps5,미개봉,101,"[미개봉]PS5 가디언즈 오브 갤럭시, 원피스 오디세이 특전상품 일괄판매"
ps5,한글 | 중고,4,[한글/중고] PS5 진삼국무쌍 오리진/ORIGIS 코에이테크모
ps5,미개봉,101,[미개봉] PS5 - 마블의 가디언즈 오브 갤럭시
ps5,소니코리아 | 정품,1,[소니코리아 정품] ps5 미디어 리모컨
ps5,PS5,11,새제품[PS5] 드래곤 퀘스트 7 리이매진드 리메이크 포토카드포함
ps5,PS5,11,[PS5] 몬스터 헌터 와일즈
ps5,새상품,70,[새상품] PS5 듀얼 충전 거치대
ps5,"중고,한글",1,"[중고,한글] PS4 소닉x섀도우 제너레이션즈/쉐도우/제네레이션스"
ps5,대여,8,[대여]PS5 플레이스테이션5 1일 단기 렌탈 임대
ps5,PS5,11,새상품 [PS5] 검은 신화 오공
ps5,신품,1,[신품] ps5 메타포 리판타지오 초회판 (정발) + 예약특전 4종 포함
ps5,PS5,11,[PS5] 원피스 오디세이
ps5,소니정품,1,[소니정품] PS5 듀얼센스 충전기 충전거치대
ps5,영어 | 중고,2,[영어/중고] PS4 피파 16/스포츠/축구/EA FIFA 2016
ps5,한글 | 중고,4,[한글/중고] PS4 토귀전 2/코에이테크모/몬스터헌터 몬헌 스타일
ps5,한글 | 신품,1,[한글/신품] PS4 건담 브레이커 3/액션/건프라/프라모델/건브
ps5,미개봉 | 새상품,13,[미개봉/새상품] PS5 듀얼센스 30주년 한정판 컨트롤러
ps5,PS5,11,[PS5] (플스5) 플레이스테이션5 디스크 (풀박스 구성)
ps5,PS5,11,"[PS5] (플스5) 펄스 3D, 무선 헤드셋 (풀박스 구성)"
ps5,미개봉 | 신제품,1,[미개봉 신제품] 플레이스테이션5 디지털 에디션 플스5 PS5
ps5,미개봉 | 새제품,4,[미개봉 새제품] Fanxiang S660 2TB NVMe Gen4 SSD (PS5 호환)
ps5,A급,18,[A급] 플스5 슬림 PS5 디스크 풀박스 팝니다.
ps5,"PS5,PS4",1,"[PS5,PS4]고스트오브요테이메탈기어솔리드델타스네이크이터라스트오브어스엘든링둠더다크에이지"
ps5,최저가,75,[최저가] PS4 데이즈곤 PS5 에서 구동
ps5,A급,18,[A급] 플스5 PS5 디스크 1118A 풀박스
ps5,한글지원,1,PS5 용과같이0 제로 맹세의장소 디렉터즈 컷 미개봉 극1+극2 [한글지원]
ps5,PS5,11,택포) [PS5] 프래그마타 코드 미사용
제라늄,새상품,70,[새상품] 폴로 걸즈 니트 제라늄헤더 L
제라늄,무료배송,10,[무료배송] 딥디크 EDT 도손필로시코스탐다오오데썽제라늄베티베리오오로즈
제라늄,프레데릭 | 말ㅡ제라늄 | 뿌르 | 무슈 | type,1,100ml [프레데릭 말ㅡ제라늄 뿌르 무슈 type]프리미엄 향 스프레이
제라늄,미개봉 | 새제품,4,[미개봉 새제품] Aesop 제라늄 리프 바디밤 100m
제라늄,새상품 | 선물포장,1,[새상품/선물포장] 라부르켓 씨 솔트 배스 450g (메리골드 오렌지 제라늄)
만년필,특가,19,[특가]몽블랑 엘비스 프레슬리 LE1935
만년필,특가,19,[특가]몽블랑 아티잔 문화 예술 오마주 투 빅토리아 & 앨버트 LE100
만년필,YUNILAND,1,[YUNILAND] 만년필파우치 펜파우치 고양이펜파우치 동물펜파우치
만년필,"새상품,풀세트",1,"[새상품,풀세트] 듀퐁 볼펜"
만년필,"새상품,한정판",1,"[새상품,한정판] 듀퐁 볼펜 아뜰리에 썬버스트 레드 CB415715"
만년필,LAMY,1,[LAMY] 라미 사파리 만년필 차콜블랙 EF / LM017 EF
만년필,특가,19,[특가]듀퐁라이터 스톤 컬렉션 코끼리 오뜨 크리에이션 전세계 288개
만년필,특가,19,"[특가]몽블랑 12간지 만년필 10종(양, 말 제외)"
만년필,특가,19,[특가]듀퐁 나폴레옹 보나파르트 오뜨크리에이션 전세계 88개
만년필,특가,19,[특가]듀퐁라이터 왕좌의 게임 철왕좌 오뜨 크리에이션 전세계 88개
만년필,특가,19,[특가]듀퐁 사무라이 네오 클래식 컬렉션 라이터 전세계888개 한정판
만년필,특가,19,[특가]듀퐁라이터 & 만년필 세트 파리 위드 러브 컬렉터 전세계 300개
만년필,특가,19,[특가]몽블랑 아티잔 월트 디즈니 90주년 기념  LE 90
만년필,특가,19,[특가]듀퐁라이터 & 만년필 세트 세븐 씨 컬렉터 전세계 300개 한정판
만년필,특가,19,[특가]듀퐁 나폴레옹 오뜨크리에이션 전세계 88개 한정판
만년필,특가,19,[특가]듀퐁라이터 모네 해돋이 스모킹 키트
만년필,특가,19,[특가]듀퐁라이터 르망24h 컬렉터 전세계 300개 한정판
만년필,특가,19,[특가]듀퐁라이터 리미티드 에디션 피카소 도브 리뉴 라인2
만년필,특가,19,[특가]듀퐁 스컬 앤 로즈 컬렉션 세트 오뜨 크리에이션 전세계 88개
만년필,특가,19,[특가]듀퐁라이터 & 만년필 스페이스 오딧세이 컬렉터 전세계300개
만년필,오픈박스 | 불량,1,[오픈박스/불량] 스테들러 474 F 만년필 / 무료배송
만년필,새상품,70,몽블랑 (MONTBLANC) 만년필 조디악 PIG [새상품]+추가선물
만년필,미사용 | S급,1,"[미사용 S급] 졸업, 입학 선물, 겸손몰 BEGE 만년필"
만년필,새제품,9,[새제품] 머레이 디지털 볼펜형 녹음기 풀박스
만년필,"미개봉 | 새상품, | 일괄판매",1,"[미개봉 새상품, 일괄판매] 만년필 케이스 1구 (브라운, 블랙)"
만년필,새상품,70,[새상품] 몽블랑 만년필 블루아워 르그랑 F닙
만년필,볼펜 | 네임펜 | 만년필 | 지우개 | 수첩,1,잡다한 문구류 팔아요. [볼펜/네임펜/만년필/지우개/수첩]
만년필,루비나토,1,잉크 웰 [루비나토]
만년필,스털링 | 실버,1,쉐퍼 만년필[스털링 실버] 14k닙 #1
만년필,스털링 | 실버18k닙,1,워터맨 만년필 [스털링 실버18k닙 ]
만년필,x,1,"lamy unic 만년필 , 볼펜[x]"
만년필,풀박스,7,[풀박스] 워터맨 까렌 만년필 st F닙 + 피에르가르뎅 컨버터
만년필,DIY,1,만년필 케이스 [DIY]
만년필,미개봉새제품,2,[미개봉새제품] 파일롯트만년필 캡리스한정 라덴 수면
만년필,pent | 일본제조,1,만년필 케이스 [pent 일본제조]
만년필,일괄,5,"[일괄] 플래티넘 센츄리 니스 골드 m, 파이롯트 그랑세 스카이블루 f 만년필 풀박스"
세이코,민트급,2,[민트급] 70s Swiss Mirexal 하이비트 수퍼오토메틱
세이코,MOD시계,2,[MOD시계] 그랜드세이코 자작나무
세이코,MOD | 시계,1,[MOD 시계] 세이코 PRX 오토메틱
세이코,MOD시계,2,[MOD시계] 그랜드세이코 자작나무
세이코,희귀 | 오버홀 | 중급,1,[희귀/오버홀/중급] 킹세이코 44-9990 (1968년) 논데 금배꼽
세이코,민트급 | 희귀,1,[민트급/희귀] 빈티지 1970s mirexal 하이비트 다이버 시계
세이코,희귀 | 중급,1,[희귀/중급] 킹세이코 크로노미터 4502-8010 (1970년) 금배꼽
세이코,희귀 | 중상급,1,[희귀/중상급] 배트맨 킹세이코 45-7010 (1971년) 금배꼽 수동
세이코,민트급,2,[민트급] SEIKO 정품 세이코 SRPE93 터틀 한자 요일창 모델
세이코,S급,55,[S급] 세이코 사무라이 Made in Japan 일본판 오리지널 모델
세이코,풀박스 | 제품,2,[풀박스 제품] 세이코 Seiko SUR307J1 생산지 일본산 J1모델
세이코,세이코 | 정품,2,[세이코 정품] 터틀 SRP775 극초희귀판 로마숫자 요일창 디스크 모델
세이코,극미품 | 정품,1,[극미품 정품] SEIKO 터틀  SRPE93 Japan Made 모델.
세이코,초희귀템,1,[초희귀템] 세이코 SKX 시리즈의 시작 SKX005 오토매틱 38mm
세이코,S급 | 정품,2,[S급 정품] 삼정정발 SEIKO 터틀 srpe93 다이버 200 풀박스
세이코,S급 | 정품,2,[S급 정품] 삼정 정발 SEIKO 터틀 srpe91 다이버 200m
세이코,A급 | 상태,2,[A급 상태] 세이코 SNZF17 오토매틱 100m방수 다이버 시계.
세이코,A급,18,[A급] 세이코 사파이어 글라스 데이데이트 (여성용)
세이코,특 | S+급,1,[특 S+급] 일본산J1 SEIKO 터틀 SRP777/srpe93 풀박스
세이코,A급,18,[A급] SEIKO GMT 튜나 50mm 빅빅빅 사이즈 압도적 존재감!!
세이코,희귀 | 최상급,1,[희귀/최상급] 세이코 62MAS PADI 콜라보 SPB071J1 다이버
세이코,풀구성,1,[풀구성] 그랜드세이코 SBGF021 38mm 쿼츠 시계
세이코,TIMEX,1,타이맥스 [TIMEX] 1983 E라인 리이슈 오토매틱 손목시계 (미사용
세이코,SBCA001,2,세이코 밀리터리 필드워치 [SBCA001] 세키필드 쿼츠
세이코,판 | 교,1,[판/교] 빈티지 세이코 로드매틱(LM) 스페셜 5216 블루 그라데이
세이코,당일 | 배송,1,[당일 배송] 티쏘 PR100 쿼츠 블랙
세이코,판매 | 교환,1,[판매/교환] 세이코 프레사지  srpd97 스노우플레이크
세이코,구매글,7,[구매글] 세이코 아시에 2620-5290
세이코,SEIKO | Premier,1,[SEIKO Premier] 세이코 프리미어 키네틱 퍼페츄얼 블랙
세이코,상태최상,2,[상태최상] 시티즌 에코드라이브 퍼페츄얼 캘린더 메탈 시계
세이코,희귀,6,70s 빈티지 세이코 타입 II 쿼츠 [희귀]
세이코,레어_풀구성,2,[레어_풀구성] 세이코 알바 아쿠아 기어 빈티지 다크 그레이 다이얼
세이코,정상동작,1,[정상동작] 세이코 스피릿 빈티지 스퀘어 투톤 시계
세이코,정품,10,[정품] 세이코 플라이트마스터 7T92 크로노그래프 메탈 시계
세이코,SEIKO,5,세이코 [SEIKO] 풀메탈 솔라 크로노그래프 손목시계 (S급)
세이코,SRPC93,2,세이코 오토매틱 손목시계 사무라이 다이버워치 [SRPC93]
세이코,카키필드 | 머피,1,해밀턴 [카키필드 머피] 42mm 오토매틱 드레스워치 필드워치 (S급)
세이코,340,1,[340] SBBN007 세이코 프로페셔널 다이버 튜나
세이코,희귀 | 싱글,1,[희귀/싱글] 마츠다 세이코 - Strawberry Time 싱글 카세
세이코,희귀 | 카세트,2,[희귀/카세트] 마츠다 세이코 (Seiko Matsuda)
세이코,희귀 | 오리지널,1,[희귀/오리지널] 마츠다 세이코 (Seiko Matsuda) - 3집 S
세이코,희귀 | 시티팝,1,[희귀/시티팝] 마츠다 세이코 1집 SQUALL 카세트 테이프 (오리지
세이코,희귀,6,80s 빈티지 세이코 크레도르 레이디스 [희귀]
세이코,희귀 | 카세트,2,[희귀/카세트] 마츠다 세이코 - 카라오케 아이돌 가수별 작품
세이코,희귀,6,80s 빈티지 세이코 돌체 쿼츠 카비디드 [희귀]
세이코,구매,27,[구매] SNXS79J1 세이코5 구매합니다
세이코,희귀모델,1,[희귀모델] 세이코 멀티펑션 쿼츠 화이트실버 SCJF009 (상태양호)
세이코,새상품급,28,[새상품급] 프레드릭 콘스탄틴 크로노그래프 시계 판매합니다!!!
세이코,새상품급,28,[새상품급] 프레드릭 콘스탄트 실버 다이얼 최상급 시계 판매합니다!!!
세이코,새상품급,28,[새상품급] 프레드릭 콘스탄트 블랙 가죽 최상급 시계 판매합니다!!!
세이코,새상품급,28,[새상품급] 프레드릭 콘스탄틴 실버 시계 판매합니다!!!
세이코,새상품급,28,[새상품급] 프레드릭 콘스탄트 FC-220N 최상급 시계 판매합니다!!!
세이코,새상품급,28,[새상품급] 티쏘 prx 오토 40mm 블루 청판 새상품급 판매합니다!!
세이코,새상품급,28,[새상품급] 프레드릭 콘스탄트 비즈니스 타이머 최상급 시계 판매합니다!!
세이코,새상품급,28,[새상품급] 프레드릭 콘스탄트 실버 다이얼 최상급 시계 판매합니다!!!
세이코,정품 | 최저가,1,[정품/최저가] 세이코 프리미어 남자 시계 SRX005P1
세이코,희귀 | 소장용,1,[희귀/소장용] 세이코 SARB066 '드라이'칵테일 타임(JDM한정판)
세이코,미개봉,101,[미개봉]세이코 프로스펙스 오타니 SPB381J1 그린 GMT 자동 시계
세이코,OS,2,[OS] 나이키 빈티지 시계 트라이엑스 357 런닝시계
세이코,일괄,5,"[일괄] 단다단 압도적 괴기 강습 H상 세이코, 진, 사안"
세이코,실물 | 깡패,2,[실물 깡패] 세이코5 오토 그레이린넨  SKXP01(7S26-8760)
세이코,풀박스 | 민트급,2,[풀박스 민트급] 세이코 스피릿 크로노그래프 그린 SBTR017
세이코,SEIKO,5,[SEIKO] 세이코 프리미어 멀티핸즈 메탈스트랩 시계
세이코,SEIKO,5,[SEIKO] 세이코 클래식 크로노그래프 100M 블랙다이얼 가죽 스트랩
세이코,정품,10,[정품] SEIKO 솔라 전파수신 7B24-0AF0
세이코,크로노,2,[크로노] 세이코 쿼츠 크로노그래프 SSB145 (6T63-00N0)
세이코,1978년 | 빈티지,2,[1978년 빈티지] 세이코 쿼츠 10각 컷팅글래스 데이데이트 레이디스
세이코,새상품급,28,[새상품급] 프레드릭 콘스탄트 브라운 가죽 최상급 시계 판매합니다!!!
세이코,AF8M67X1,1,세이코알바 지도시리즈 크로노그래프 [AF8M67X1]
세이코,1976년 | 초판,2,[1976년 초판] 세이코 타입2 0903-6000 희귀 미터 다이얼
세이코,90년대 | 미사용 | 민트,1,[90년대 미사용 민트] 세이코 스피릿 쿼츠 투톤 탱크 SCDB017
세이코,레어 | 민트급,1,[레어/민트급] 1985년 빈티지 세이코 샤리오 탱크 쿼츠 (스트랩2종)
세이코,희귀,6,80s 빈티지 세이코 돌체 세라믹 투톤다이얼 [희귀]
세이코,판매완료,2,타장터 [판매완료]
세이코,SEIKO,5,[SEIKO] 세이코 네오 클래식 빅데이트 화이트 SPC079
세이코,RARE,3,[RARE] 세이코 실버 빈티지 소드핸즈 블랙다이얼  다이버워치 37MM
세이코,구매,27,[구매] 세이코 킹쿼츠 9923 구매합니다.
세이코,RARE,3,[RARE] 세이코 실버 빈티지 소드핸즈 블랙다이얼 37MM
세이코,새상품급,28,[새상품급] 티쏘 prx 쿼츠 40mm 라이트 그린 새상품급 판매합니다!
세이코,RARE,3,[RARE] 세이코 네오빈티지 화이트 다이얼 다이버 워치 38MM
세이코,새상품,70,[새상품] SBTH007 풀구성 일본직구상품
세이코,미개봉,101,[미개봉] 단다단 제일복권 H상 포콧토 참_아야세 세이코
세이코,684,1,[684] 1970년 빈티지 그랜드 세이코 4520-7010 45gs
세이코,386,1,[386] 1971년 빈티지 그랜드세이코 56GS 5641-7000 오토
세이코,1008,1,[1008] 1968년 빈티지 그랜드 세이코 4522-8000 45gs
세이코,초희귀,3,80s 빈티지 세이코 Lassale 초슬림형 쿼츠 [초희귀]
세이코,초희귀,3,70s 빈티지 세이코 아시에 쿼츠 [초희귀]
세이코,박스포함,1,빈티지 세이코 루키아 쿼츠 [박스포함]
세이코,희귀,6,80s 빈티지 세이코 돌체 쿼츠 [희귀]
세이코,세이코,1,[세이코] SRPK13K1 오토매틱 손목시계
세이코,판매완료,2,[판매완료] 세이코 프레사지 칵테일 오토매틱 시계 판매
세이코,삽니다,10,[삽니다] 그랜드세이코 sbgt241
세이코,석와치스 | 단독,1,[석와치스 단독] 세이코5 커스터마이즈 오토매틱 남자 메탈 시계
세이코,풀박스 | 한정판,1,[풀박스/한정판] 세이코 와이어드 x 진격의 거인 리바이 시그니처 시계
세이코,5 | 11구매,1,[5/11구매]세이코 슬림터틀 spb315 컨디션 최상급
세이코,레어_풀구성,2,[레어_풀구성] 세이코 알바 아쿠아 기어 빈티지 다크 그레이 다이얼
세이코,SRPC93,2,세이코 오토매틱 손목시계 사무라이 다이버워치 [SRPC93]
세이코,SBCA001,2,세이코 밀리터리 필드워치 [SBCA001] 세키필드 쿼츠
세이코,SEIKO,5,세이코 [SEIKO] 풀메탈 솔라 크로노그래프 손목시계 (S급)
세이코,푸른산호초,1,[푸른산호초] 마츠다 세이코 LP 판매해요
세이코,1978년 | 빈티지,2,[1978년 빈티지] 세이코 쿼츠 10각 컷팅글래스 블루 그라데이션 데이데이트(한문-영문 요일창) 레이디스
세이코,크로노,2,[크로노] 세이코 쿼츠 크로노그래프 SSB145 (6T63-00N0)
세이코,구매,27,[구매] 그랜드세이코 sbgv011 삽니다
세이코,희귀 | 미사용 | 민트,1,[희귀 미사용 민트] 세이코 스피릿 쿼츠 투톤 탱크 SCDB017
세이코,실물 | 깡패,2,[실물 깡패] 세이코5 오토 희귀 다이얼 SKXP01(7S26-8760) (정비완료)
세이코,풀박스 | 제품,2,[풀박스 제품] 세이코 Seiko SUR307J1 Essentials 컬렉션 Made in Japan(일본산 모델)
세이코,A급 | 상태,2,[A급 상태] 세이코 오토매틱 100m방수 다이버 시계
세이코,세이코 | 정품,2,[세이코 정품] SEIKO Turtle SRP775 극초희귀판 로마숫자 요일창 디스크 모델
세이코,S급,55,[S급] 세이코 사무라이 Made in Japan 일본판 오리지널 모델
세이코,풀박스 | 민트급,2,[풀박스 민트급] 세이코 스피릿 크로노그래프 그린 SBTR017
세이코,희귀 | 모델,1,[희귀 모델] 세이코 멀티펑션 쿼츠 화이트실버 SCJF009(6G34-00B0)
세이코,SWR052,1,세이코 세르띠에 손목시계 [SWR052] 드레스워치 (A+급)
세이코,Seiko | mod,1,남성용 커스텀 시계 판매합니다 [Seiko mod]
세이코,엉클세이코,1,[엉클세이코] 러버스트랩 22미리 숏 버전
세이코,미사용 | 민트 | 풀박스,1,[미사용 민트 풀박스] 세이코 5 스포츠 블랙썬더(흑번개) SZEN008(SNKE03KC)
세이코,1976년 | 초판,2,[1976년 초판] 세이코 타입2 0903-6000 희귀 미터 다이얼
세이코,미개봉,101,[미개봉] 세이코 오타니 SPB381J1 다이버 시계 새제품 판매
갤럭시,리퍼급,97,[리퍼급]갤럭시노트20 최상급컨디션 256G 브론즈 공기계 중고폰
갤럭시,할인특가 | 미사용,9,"[할인특가/미사용]갤럭시Z플립7 판매합니다 +S23,24,25,26시리즈"
갤럭시,65만,3,갤럭시 S25 256GB 민트 무잔상 공기계 판매해요[65만]
갤럭시,39.9만,1,갤럭시S23플러스 256G 블랙 무잔상 공기계 판매합니다[39.9만]
갤럭시,할인특가 | 미사용,9,"[할인특가/미사용]갤럭시S25플러스 판매합니다 +23,24,26시리즈"
갤럭시,미개봉,101,[미개봉] 갤럭시 북5 프로 16인치 (루나레이크/Win11 Pro 탑재
갤럭시,256GB,7,[256GB] 갤럭시 S20울트라 그레이 부품용
갤럭시,28만,1,갤럭시 S22 플러스 256GB 그린 무잔상 공기계 판매합니다[28만]
갤럭시,S급,55,[S급] 갤럭시S22 핑크골드 판매합니다
갤럭시,미개봉새제품,2,[미개봉새제품] 갤럭시워치8 40mm 그라파이트 판매합니다
갤럭시,미사용 | 새상품,9,"[미사용/새상품]갤럭시S26플러스 재고정리 할인[23,24,25,플립7]"
갤럭시,"23,24,25,플립7",2,"[미사용/새상품]갤럭시S26플러스 재고정리 할인[23,24,25,플립7]"
갤럭시,미사용 | 새상품,9,"[미사용/새상품]갤럭시S26울트라 재고정리 할인[23,24,25,플립7]"
갤럭시,"23,24,25,플립7",2,"[미사용/새상품]갤럭시S26울트라 재고정리 할인[23,24,25,플립7]"
갤럭시,미사용 | 새상품,9,"[미사용/새상품] 갤럭시S26 재고정리 할인 [23,24,25,Z플립7]"
갤럭시,"23,24,25,Z플립7",1,"[미사용/새상품] 갤럭시S26 재고정리 할인 [23,24,25,Z플립7]"
갤럭시,할인특가 | 미사용,9,"[할인특가/미사용]갤럭시S25 판매합니다 +플립7,23,24,26시리즈"
갤럭시,삼성전자 | 미개봉 | 정품,1,갤럭시Z플립7/갤럭시Z플립7FE [삼성전자/미개봉/정품]
갤럭시,미개봉 | 정품 | 삼성케어,5,갤럭시z폴드7[미개봉/정품/삼성케어]정품아닐시환불100%
갤럭시,미개봉 | 정품 | 삼성케어,5,갤럭시z플립7[미개봉/정품/삼성케어]초특급 특판가격
갤럭시,미개봉 | 정품 | 삼성케어,5,갤럭시s25울트라[미개봉/정품/삼성케어]정품아닐경우100%환불보장
갤럭시,미개봉 | 정품 | 삼성케어,5,갤럭시s25엣지[미개봉/정품/삼성케어]미개봉특판재고
갤럭시,미개봉 | 정품 | 삼성케어,5,갤럭시s25[미개봉/정품/삼성케어]미개봉정품소량재고
갤럭시,미개봉,101,[미개봉]갤럭시S25/S25플러스/S25울트라 신제품특가 512기가 보유
갤럭시,삼성,3,[삼성]갤럭시S24FE (플러스 크기 와 동일합니다)
갤럭시,핫딜,1,[핫딜]갤럭시S24울트라 미개봉제품 특가판매합니다
갤럭시,삼성,3,[삼성]갤럭시Z플립6(갤럭시제트플립6/갤럭시Z플립5/갤럭시Z플립4/삼성)
갤럭시,삼성전자,13,[삼성전자]갤럭시S23울트라 극소량재고 재입고 11차완판
갤럭시,삼성전자,13,"[삼성전자]갤럭시S23플러스(갤럭시S23,S23울트라,S22플러스,S22"
갤럭시,삼성전자,13,[삼성전자]갤럭시S23 핫딜가 특가판매합니다.
갤럭시,삼성전자,13,[삼성전자]갤럭시Z폴드6 가격DOWN 특가할인중 재고 금방소진됩니다.
갤럭시,"새상품,전색상,미개봉",1,"갤럭시Z플립5[새상품,전색상,미개봉]"
갤럭시,삼성전자,13,"[삼성전자]갤럭시S24플러스(갤럭시S24울트라,S23울트라,S23플러스"
갤럭시,삼성전자,13,[삼성전자]갤럭시S24 마지막 재고정리
갤럭시,"미개봉,새상품",7,"[미개봉,새상품]갤럭시S26/256GB/정품아닐시환불100%가능재고"
갤럭시,할인특가 | 미사용,9,"[할인특가/미사용]갤럭시S26플러스 판매합니다 +23,24,25시리즈"
갤럭시,KT,4,[KT]갤럭시Z플립7/256GB/[미개봉/새상품/정품]
갤럭시,미개봉 | 새상품 | 정품,5,[KT]갤럭시Z플립7/256GB/[미개봉/새상품/정품]
갤럭시,KT,4,[KT]갤럭시Z폴드7/256GB/[미개봉/새상품/정품]
갤럭시,미개봉 | 새상품 | 정품,5,[KT]갤럭시Z폴드7/256GB/[미개봉/새상품/정품]
갤럭시,상태최상,2,"[상태최상] 갤럭시북 프로 360 15인치 (게임X, 인강용으로만 사용)"
갤럭시,새상품급,28,[새상품급] 갤럭시점프2 128기가 화이트 부산중고폰 김해 명지 울산
갤럭시,새상품급,28,[새상품급] 갤럭시점프3 128기가 블랙 부산중고폰 김해 명지 울산
갤럭시,162009,1,갤럭시 탭 S4 64GB LTE 블랙 [162009]
갤럭시,157951,1,갤럭시 워치5 44MM 블루투스 그라파이트 [157951]
갤럭시,159652,1,갤럭시탭A6 16GB WIFI 화이트 SM-T280 [159652]
갤럭시,가성비 | 업무용,1,[가성비/업무용] 갤럭시 노트20 5G 256G 판매합니다!
갤럭시,할인특가 | 미사용,9,"[할인특가/미사용]갤럭시S26 판매합니다 +플립7,23,24,25시리즈"
갤럭시,75792,1,갤럭시 S24 울트라 512GB 블랙 [75792]
갤럭시,75940,1,갤럭시 S24 플러스 256GB 퍼플 [75940]
갤럭시,75695,1,갤럭시 S23 플러스 256GB 그린 [75695]
갤럭시,75392,1,갤럭시 S24 울트라 512GB 블랙 [75392]
갤럭시,75357,1,갤럭시 S25 울트라 256GB 그레이 [75357]
갤럭시,75440,1,갤럭시 S25 256GB 블루 [75440]
갤럭시,75436,1,갤럭시 S25 플러스 256GB 블루 [75436]
갤럭시,75337,1,갤럭시 S23 플러스 256GB 화이트 [75337]
갤럭시,75183,1,갤럭시 S22 울트라 256GB 버건디  [75183]
갤럭시,"미개봉,정품,삼성케어",2,"[미개봉,정품,삼성케어]갤럭시s26/갤럭시s26플러스/갤럭시s26울트라"
갤럭시,"미개봉,정품,새상품,삼성케어",3,"[미개봉,정품,새상품,삼성케어]갤럭시s26울트라/256GB"
갤럭시,"미개봉,정품,새상품,삼성케어",3,"[미개봉,정품,새상품,삼성케어]갤럭시S26플러스/256GB"
갤럭시,"미개봉,정품,새상품,삼성케어",3,"[미개봉,정품,새상품,삼성케어]갤럭시s26/256GB"
갤럭시,미개봉 | 새상품 | 삼성전자정품 | 삼성케어,2,갤럭시Z폴드7[미개봉/새상품/삼성전자정품/삼성케어]전색상 보유
갤럭시,미개봉 | 새상품 | 삼성전자정품 | 삼성케어,2,갤럭시Z플립7[미개봉/새상품/삼성전자정품/삼성케어]전색상 보유
갤럭시,미개봉 | 삼성전자 | 삼성케어플러스,1,갤럭시Z플립7FE(256GB)[미개봉/삼성전자/삼성케어플러스]
갤럭시,삼성케어 | 미개봉 | 정품,1,갤럭시S25엣지/갤럭시S25Edge[삼성케어/미개봉/정품]
갤럭시,새상품 | 미개봉 | 정품 | 삼성케어플러스 | 삼성전자,1,갤럭시Z폴드5[새상품/미개봉/정품/삼성케어플러스/삼성전자]
갤럭시,새상품 | 미개봉 | 정품 | 삼성케어 | 삼성전자A | S,1,갤럭시Z플립5[새상품/미개봉/정품/삼성케어/삼성전자A/S]
갤럭시,새상품 | 미개봉 | 삼성정품 | A | S보증 | 삼성케어,1,갤럭시S23울트라[새상품/미개봉/삼성정품/A/S보증/삼성케어]
갤럭시,새상품 | 미개봉 | 삼성전자 | 정품 | 삼성케어,2,갤럭시S23플러스[새상품/미개봉/삼성전자/정품/삼성케어]
갤럭시,새상품 | 미개봉 | 삼성전자 | 정품 | 삼성케어,2,갤럭시S23[새상품/미개봉/삼성전자/정품/삼성케어]
갤럭시,삼성전자 | 미개봉 | 특가,1,[삼성전자/미개봉/특가]갤럭시S25플러스
갤럭시,미개봉 | 삼성전자,1,[미개봉/삼성전자]갤럭시S25 일반
갤럭시,미사용 | 풀박스,1,[미사용/풀박스]갤럭시S24/갤럭시S24플러스/갤럭시S24울트라
갤럭시,삼성전자 | 통신사,1,"[삼성전자/통신사]갤럭시Z플립6 미개봉[무상A/S,삼성케어플러스]"
갤럭시,"무상A | S,삼성케어플러스",1,"[삼성전자/통신사]갤럭시Z플립6 미개봉[무상A/S,삼성케어플러스]"
갤럭시,삼성케어 | 통신사,1,[삼성케어/통신사]갤럭시Z플립6/Z폴드6
갤럭시,삼성전자 | 통신사 | 삼케플,1,[삼성전자/통신사/삼케플]갤럭시S24울트라
갤럭시,S24시리즈 | 통신사,1,[S24시리즈 통신사]갤럭시S24플러스[갤럭시S24울트라/갤럭시S24]
갤럭시,갤럭시S24울트라 | 갤럭시S24,1,[S24시리즈 통신사]갤럭시S24플러스[갤럭시S24울트라/갤럭시S24]
갤럭시,새상품 | 통신사,2,[새상품/통신사]삼성갤럭시S24/S24FE/S24플러스/S24울트라
갤럭시,가성비 | 추천,1,[가성비 추천] 갤럭시Z플립3 256기가 블랙 부산중고폰 01735 김해
갤럭시,65만,3,[65만]갤럭시 S25 실버 256G 공기계 판매합니다~
갤럭시,25만,5,갤럭시 워치8 40mm 그라파이트 미개봉 새상품 판매합니다[25만]
갤럭시,107만,2,[107만]갤럭시 26플러스 256GB 화이트 판매합니다
갤럭시,25만,5,갤럭시 워치8 40미리 미개봉 새상품 판매합니다[25만]
갤럭시,65만,3,[65만]갤럭시 S25 실버 256G 공기계 처분합니다
갤럭시,46만,1,*자급제*갤럭시 S24FE 옐로우 256G 판매합니다[46만]
갤럭시,95만,1,[95만]갤럭시 S26 256GB 블랙 새상품급 판매합니다
갤럭시,25만,5,갤럭시 워치8 40mm 그라파이트 미개봉 새상품 판매합니다[25만]
갤럭시,S급 | 무잔상,1,[S급/무잔상] 갤럭시 S10 5G 256GB 블랙
갤럭시,할인특가 | 미사용,9,"[할인특가/미사용]갤럭시Z폴드7 판매합니다 +S23,24,25,26시리즈"
갤럭시,새상품 | 완납폰 | 제휴카드X,4,[새상품/완납폰/제휴카드X]갤럭시Z플립6 쓰던 유신 그대로 교체
갤럭시,리퍼급,97,[리퍼급]갤럭시S21 최상급컨디션 256G 핑크 공기계 중고폰
갤럭시,미개봉,101,[미개봉]삼성 갤럭시 NX 카메라 EK-GN120 팝니다
갤럭시,할인특가 | 미사용,9,"[할인특가/미사용]갤럭시S26울트라 판매합니다 +23,24,25시리즈"
갤럭시,39만,1,갤럭시 S24 공기계 판매 합니다![39만]
갤럭시,부산 | 미개봉 | 새제품,1,[부산 미개봉 새제품] 삼성 노트북 갤럭시북4 NT750XGR-A51A
갤럭시,"미개봉,정품,삼성케어",2,"[미개봉,정품,삼성케어]갤럭시S26/S26+/울트라 미개봉 특판할인"
갤럭시,삼성전자,13,[삼성전자]신제품 갤럭시S25/갤럭시S25FE 미개봉/새상품
갤럭시,G165,1,갤럭시 폴더2 16G [G165] 블랙 판매합니다
갤럭시,무료배송,10,[무료배송] 에이핀 갤럭시탭 울트라 마그네틱 회전형 거치대
갤럭시,완전깨끗!,1,[완전깨끗!]갤럭시노트8/N950/64/블루/79955
갤럭시,갓성비,4,[갓성비]갤럭시노트8/N950/64/블루/79839
갤럭시,갓성비,4,[갓성비]갤럭시 A33 5G/A336/128/블랙/78815
갤럭시,삼성전자 | 정품,2,[삼성전자 정품]갤럭시S25울트라 전색상 특가
갤럭시,새상품 | 완납폰,2,[새상품/완납폰]갤럭시S25FE 알뜰/정규 통신사 관계없이 구매가능
갤럭시,리퍼급,97,[리퍼급]갤럭시S22 최상급컨디션 256G 그린 공기계 중고폰
갤럭시,삼성전자,13,[삼성전자]갤럭시Z폴드7/갤럭시Z폴드6 전색상 미개봉특가 판매중/중고X
갤럭시,삼성전자,13,[삼성전자]갤럭시Z플립7/Z플립6 미개봉특가 판매합니다.
갤럭시,새상품급 | 리얼풀박스,1,[새상품급/리얼풀박스] 갤럭시 S20 울트라 256G 블랙 단기 진열
갤럭시,새제품,9,[새제품] 갤럭시북6 프로 16인치 1TB 32GB KD72S
갤럭시,삼성전자 | 정품,2,[삼성전자/정품]갤럭시S25울트라 미개봉 신제품 새상품
갤럭시,삼성,3,[삼성]갤럭시S24플러스 미개봉제품 재고정리합니다.
갤럭시,삼성전자,13,갤럭시S24/256GB[삼성전자]
갤럭시,삼성전자,13,[삼성전자]갤럭시S24울트라 미개봉 재고정리합니다.
갤럭시,삼성전자,13,갤럭시Z플립6/갤럭시Z플립7[삼성전자]
갤럭시,리퍼급,97,[리퍼급]갤럭시S23 최상급컨디션 256G 화이트 공기계 중고폰
갤럭시,미사용 | 새상품,9,"[미사용/새상품] 갤럭시S25 재고정리 할인 [23,24,26,Z플립7]"
갤럭시,"23,24,26,Z플립7",1,"[미사용/새상품] 갤럭시S25 재고정리 할인 [23,24,26,Z플립7]"
갤럭시,미개봉,101,"[미개봉]갤럭시탭S11울트라 256GB WiFi 그래이색상, 미개봉"
갤럭시,미사용 | 새상품,9,"[미사용/새상품] 갤럭시Z폴드7 재고정리 할인 [S23,24,25,26]"
갤럭시,"S23,24,25,26",2,"[미사용/새상품] 갤럭시Z폴드7 재고정리 할인 [S23,24,25,26]"
갤럭시,미사용 | 새상품,9,"[미사용/새상품] 갤럭시Z플립7 재고정리 할인 [S23,24,25,26]"
갤럭시,"S23,24,25,26",2,"[미사용/새상품] 갤럭시Z플립7 재고정리 할인 [S23,24,25,26]"
갤럭시,미사용 | 새상품,9,"[미사용/새상품]갤럭시S25엣지 재고정리 할인 [23,24,26,플립7]"
갤럭시,"23,24,26,플립7",3,"[미사용/새상품]갤럭시S25엣지 재고정리 할인 [23,24,26,플립7]"
갤럭시,미사용 | 새상품,9,"[미사용/새상품]갤럭시S25울트라 재고정리 할인[23,24,26,플립7]"
갤럭시,"23,24,26,플립7",3,"[미사용/새상품]갤럭시S25울트라 재고정리 할인[23,24,26,플립7]"
갤럭시,미사용 | 새상품,9,"[미사용/새상품]갤럭시S25플러스 재고정리 할인[23,24,26,플립7]"
갤럭시,"23,24,26,플립7",3,"[미사용/새상품]갤럭시S25플러스 재고정리 할인[23,24,26,플립7]"
갤럭시,할인특가 | 미사용,9,"[할인특가/미사용]갤럭시S25엣지 판매합니다+23,24,26,울트라시리즈"
갤럭시,미개봉,101,[미개봉] 갤럭시 S26 울트라 256 화이트 자급제 판매합니다.
갤럭시,알뜰통신사,6,"[알뜰통신사]갤럭시Z플립7/256GB/[미개봉,새상품,정품]"
갤럭시,"미개봉,새상품,정품",3,"[알뜰통신사]갤럭시Z플립7/256GB/[미개봉,새상품,정품]"
갤럭시,SKT,2,"[SKT]갤럭시Z플립7/256GB/[미개봉,새상품,정품]"
갤럭시,"미개봉,새상품,정품",3,"[SKT]갤럭시Z플립7/256GB/[미개봉,새상품,정품]"
갤럭시,새상품 | 통신사,2,[새상품/통신사]갤럭시Z플립6/갤럭시Z폴드6
갤럭시,새상품 | 완납폰 | 제휴카드X,4,[새상품/완납폰/제휴카드X]갤럭시S24/플러스/울트라 쓰던 유심 그대로
갤럭시,S24 | 통신사,1,[S24 통신사]갤럭시S24한정재고[미개봉/새상품/정품]
갤럭시,미개봉 | 새상품 | 정품,5,[S24 통신사]갤럭시S24한정재고[미개봉/새상품/정품]
갤럭시,SKT,2,[SKT]갤럭시Z폴드7/256GB/미개봉/새상품/정품
갤럭시,새상품 | 완납폰 | 제휴카드X,4,[새상품/완납폰/제휴카드X]갤럭시Z폴드6 쓰던 유심 그대로 교체
갤럭시,새상품 | 완납폰 | 제휴카드X,4,[새상품/완납폰/제휴카드X]갤럭시S24FE 알뜰 통신사 가능합니다
갤럭시,제휴카드X | 중고폰반납X,1,갤럭시Z폴드6[제휴카드X/중고폰반납X]
갤럭시,새상품 | 완납폰,2,[새상품/완납폰]갤럭시S25/S25플러스/S25울트라 쓰던 유심 그대로
갤럭시,LG,2,[LG]갤럭시Z플립7/256GB/[미개봉/새상품/정품]
갤럭시,미개봉 | 새상품 | 정품,5,[LG]갤럭시Z플립7/256GB/[미개봉/새상품/정품]
갤럭시,LG,2,[LG]갤럭시Z폴드7/256GB/[미개봉/새상품/정품]
갤럭시,미개봉 | 새상품 | 정품,5,[LG]갤럭시Z폴드7/256GB/[미개봉/새상품/정품]
갤럭시,KT,4,[KT]갤럭시S24울트라 [256GB]
갤럭시,256GB,7,[KT]갤럭시S24울트라 [256GB]
갤럭시,KT기기변경 | 마지막재고,1,[KT기기변경 마지막재고]갤럭시S24플러스 [256GB]
갤럭시,256GB,7,[KT기기변경 마지막재고]갤럭시S24플러스 [256GB]
갤럭시,자급제X | 마지막재고,1,[자급제X/마지막재고]갤럭시S24 [256GB]
갤럭시,256GB,7,[자급제X/마지막재고]갤럭시S24 [256GB]
갤럭시,KT,4,[KT]갤럭시Z폴드6 [256GB]
갤럭시,256GB,7,[KT]갤럭시Z폴드6 [256GB]
갤럭시,256GB,7,갤럭시Z플립6 [256GB]
갤럭시,삼성전자,13,[삼성전자]갤럭시Z폴드6 미개봉 전색상
갤럭시,64GB,1,[64GB] 아이폰 11 프로 미드나이트그린 (iPhone 11 Pro)
갤럭시,유희왕,2,[유희왕] 휘광제 갤럭시온
갤럭시,할인특가 | 미사용,9,"[할인특가/미사용]갤럭시S25울트라 판매합니다 +23,24,26시리즈"
갤럭시,리퍼급,97,[리퍼급]갤럭시S24 최상급컨디션 256G 퍼플 공기계 중고폰
갤럭시,미개봉,101,[미개봉] PSP 스페이스 인베이더 갤럭시 비트 (일어 정발 )
갤럭시,희귀,6,[ 희귀 ] 아이폰 7 iOS 10 버전 128GB 핸드폰
갤럭시,매입,9,[매입] 갤럭시북 gram 그램노트북 맥북프로 맥북에어 아이맥 아이패드
갤럭시,리퍼급,97,[리퍼급]갤럭시S23FE 최상급컨디션 퍼플  공기계 중고폰
갤럭시,택배비무료,1,갤럭시핏2 미개봉 새상품[택배비무료]
갤럭시,미개봉 | 새상품,13,[미개봉 새상품] 갤럭시탭 S11 울트라 WIFI 512GB 실버
갤럭시,미개봉,101,[미개봉] KB리브모바일 갤럭시 탭 5G 10GB 1년 이용권
갤럭시,일괄,5,[일괄] 라이즈 쇼타로 라이징라우드 일본 포토카드+삼성갤럭시 트레카
갤럭시,갤럭시북5,2,[갤럭시북5] 미개봉 26년생산 NT751 XHD 급처 (어제구입)
갤럭시,갤럭시북4,3,[갤럭시북4] 특A급 NT960XGK-Ultra7.고사양 급처
갤럭시,리퍼급,97,[리퍼급]갤럭시노트20 최상급컨디션 256G 블랙 공기계 중고폰
갤럭시,갤럭시,1,휴대폰 빈박스 판매합니다 [갤럭시][아이폰][워치][테블릿]
갤럭시,아이폰,1,휴대폰 빈박스 판매합니다 [갤럭시][아이폰][워치][테블릿]
갤럭시,워치,1,휴대폰 빈박스 판매합니다 [갤럭시][아이폰][워치][테블릿]
갤럭시,테블릿,1,휴대폰 빈박스 판매합니다 [갤럭시][아이폰][워치][테블릿]
갤럭시,리퍼급,97,[리퍼급]갤럭시노트20 최상급컨디션 256G 브론즈 공기계 중고폰
갤럭시,최상품,2,[최상품] 슈퍼 마리오 갤럭시 돌비 포스터+오리지널 슬라이드
갤럭시,최상품,2,[최상품] 슈퍼 마리오 갤럭시 광음 포스터+아트카드
갤럭시,리퍼급,97,[리퍼급]갤럭시S21 최상급컨디션 256G 퍼플 공기계 중고폰
갤럭시,리퍼급,97,[리퍼급]갤럭시S22 최상급컨디션 256G 핑크 공기계 중고폰
갤럭시,리퍼급,97,[리퍼급]갤럭시S23 최상급컨디션 256G 라벤더 공기계 중고폰
갤럭시,리퍼급,97,[리퍼급]갤럭시S24 최상급컨디션 256G 화이트 공기계 중고폰
갤럭시,리퍼급,97,[리퍼급]갤럭시S23FE 최상급컨디션 민트  공기계 중고폰
갤럭시,새상품,70,"[새상품] 갤럭시 S23 플러스 투명 케이스, 액정필름"
갤럭시,리퍼급,97,[리퍼급]갤럭시노트20 최상급컨디션 256G 브론즈 공기계 중고폰
갤럭시,m,12,[m] 오프화이트 갤럭시 집업후드
갤럭시,리퍼급,97,[리퍼급]갤럭시노트20 최상급컨디션 256G 블랙 공기계 중고폰
갤럭시,제휴카드,2,[제휴카드]갤럭시S25 울트라[삼성전자 새상품]
갤럭시,삼성전자 | 새상품,1,[제휴카드]갤럭시S25 울트라[삼성전자 새상품]
갤럭시,44,1,[44] 디올 오블리크 갤럭시 스니커즈 미드탑
갤럭시,리퍼급,97,[리퍼급]갤럭시S23 최상급컨디션 256G 라벤더 공기계 중고폰
갤럭시,갤럭시&헤어밴드,1,20cm 인형 옷 [갤럭시&헤어밴드] 판매
갤럭시,리퍼급,97,[리퍼급]갤럭시S21 최상급컨디션 256G 화이트 공기계 중고폰
갤럭시,알뜰통신사,6,[알뜰통신사]갤럭시S24[미개봉/새상품/삼성정품]
갤럭시,미개봉 | 새상품 | 삼성정품,1,[알뜰통신사]갤럭시S24[미개봉/새상품/삼성정품]
갤럭시,알뜰통신사,6,"[알뜰통신사]갤럭시Z폴드7/256GB/[미개봉,새상품,정품]"
갤럭시,"미개봉,새상품,정품",3,"[알뜰통신사]갤럭시Z폴드7/256GB/[미개봉,새상품,정품]"
갤럭시,알뜰통신사,6,[알뜰통신사]갤럭시S24플러스[전색상 소량]
갤럭시,전색상 | 소량,1,[알뜰통신사]갤럭시S24플러스[전색상 소량]
갤럭시,알뜰통신사,6,[알뜰통신사]갤럭시S24/FE/전색상입고/미개봉/새상품/삼성전자
갤럭시,알뜰통신사,6,[알뜰통신사]갤럭시S24울트라 [256GB]
갤럭시,256GB,7,[알뜰통신사]갤럭시S24울트라 [256GB]
갤럭시,리퍼급,97,[리퍼급]갤럭시S22 최상급컨디션 256G 화이트 공기계 중고폰
갤럭시,844,1,[844]2023 갤럭시북 프로 SE  i5/16GB/256GB
갤럭시,OS | 백화점판,2,[OS/백화점판] 디올 오블리크 갤럭시 그레이 반지갑
갤럭시,리퍼급,97,[리퍼급]갤럭시S23FE 최상급컨디션 화이트  공기계 중고폰
갤럭시,M,0,[M]가디언즈 오브 갤럭시 로켓 반팔
갤럭시,리퍼급,97,[리퍼급]갤럭시노트20 최상급컨디션 256G 블랙 공기계 중고폰
갤럭시,A급,18,[A급] 삼성 갤럭시 워치 액티브 실버 단품
갤럭시,미개봉,101,[미개봉] 갤럭시 S26 울트라 256 화이트 자급제 판매합니다.
갤럭시,리퍼급,97,[리퍼급]갤럭시S21 최상급컨디션 256G 블랙 공기계 중고폰
갤럭시,리퍼급,97,[리퍼급]갤럭시S22 최상급컨디션 256G 블랙 공기계 중고폰
갤럭시,S,4,[S] 아디다스 LA갤럭시 07-08 홈 베컴 마킹 유니폼
갤럭시,나이키,1,[나이키] ACG 갤럭시 L 드라이핏 검정 반팔 티셔츠 라지
갤럭시,매입,9,[매입] 갤럭시북 gram 그램노트북 맥북프로 맥북에어 아이맥 아이패드
갤럭시,리퍼급,97,[리퍼급]갤럭시S23 최상급컨디션 256G 그린 공기계 중고폰
갤럭시,상태좋음,1,[상태좋음] 갤럭시탭 S7 fe 펜 실버
갤럭시,대여,8,[대여] 갤럭시S23 울트라
갤럭시,대여,8,[대여] 갤럭시S24 울트라
갤럭시,제휴카드,2,[제휴카드]갤럭시Z폴드6 새상품 미개봉
갤럭시,리퍼급,97,[리퍼급]갤럭시S24 최상급컨디션 256G 블랙 공기계 중고폰
갤럭시,SS등급,1,갤럭시 S25플러스 256GB [ SS등급 ] 케이스 및 필름구성
갤럭시,S급,55,[S급] 삼성 갤럭시북 프로4 16인치
갤럭시,신품급,2,[신품급]갤럭시북5 프로16 / 울트라7 32GB 노트북
갤럭시,초급처,1,[초급처] 갤럭시 x 강혁디자이너 콜라보 코트
갤럭시,리퍼급,97,[리퍼급]갤럭시S23FE 최상급컨디션 블랙  공기계 중고폰
갤럭시,각 | 가격,1,갤럭시 S23 블랙/화이트 256GB [각 가격] (36만)
갤럭시,S급,55,[S급] 갤럭시A25 128G 화이트 [24032]
갤럭시,24032,3,[S급] 갤럭시A25 128G 화이트 [24032]
갤럭시,S급,55,[S급]삼성 갤럭시 탭 S9 FE 5G(샐룰러자급제)
갤럭시,S급,55,[S급] 갤럭시A90 128G 블랙 [03543]
갤럭시,03543,3,[S급] 갤럭시A90 128G 블랙 [03543]
갤럭시,S급,55,[S급] 갤럭시A35 5G 128G 블랙 [55575]
갤럭시,55575,3,[S급] 갤럭시A35 5G 128G 블랙 [55575]
갤럭시,S급,55,[S급] 갤럭시A50 64G 오렌지 [19474]
갤럭시,19474,3,[S급] 갤럭시A50 64G 오렌지 [19474]
갤럭시,S급,55,[S급] 갤럭시S21 울트라 256G 실버 [25246]
갤럭시,25246,3,[S급] 갤럭시S21 울트라 256G 실버 [25246]
갤럭시,S급,55,[S급] 갤럭시S21 플러스 256G 퍼플 [24947]
갤럭시,24947,3,[S급] 갤럭시S21 플러스 256G 퍼플 [24947]
갤럭시,S급,55,[S급] 갤럭시S23 256G 그린 [24518]
갤럭시,24518,3,[S급] 갤럭시S23 256G 그린 [24518]
갤럭시,리퍼급,97,[리퍼급]갤럭시노트20 최상급컨디션 256G 브론즈 공기계 중고폰
갤럭시,A+급,45,[A+급] 갤럭시S21 256G 핑크 [25464]
갤럭시,25464,3,[A+급] 갤럭시S21 256G 핑크 [25464]
갤럭시,A+급,45,[A+급] 갤럭시 노트10 256G 레드 [20450]
갤럭시,20450,3,[A+급] 갤럭시 노트10 256G 레드 [20450]
갤럭시,A+급,45,[A+급] 갤럭시 노트10플러스 256G 블루 [20643]
갤럭시,20643,3,[A+급] 갤럭시 노트10플러스 256G 블루 [20643]
갤럭시,A급,18,[A급] 갤럭시 노트10 플러스 256G 블루 [10414]
갤럭시,10414,3,[A급] 갤럭시 노트10 플러스 256G 블루 [10414]
갤럭시,A급,18,[A급] 갤럭시 S9 64G 블랙 [23167]
갤럭시,23167,3,[A급] 갤럭시 S9 64G 블랙 [23167]
갤럭시,A+급,45,[A+급] 갤럭시 S9 64G 골드 [21936]
갤럭시,21936,3,[A+급] 갤럭시 S9 64G 골드 [21936]
갤럭시,A급,18,[A급] 갤럭시탭 S7FE LTE 128G 블랙 S펜 포함 파우치 증정
갤럭시,S급,55,[S급] 갤럭시 S24 256G 옐로우 [19082]
갤럭시,19082,3,[S급] 갤럭시 S24 256G 옐로우 [19082]
갤럭시,A+급,45,[A+급] 갤럭시 A32 64G 블랙 [18253]
갤럭시,18253,3,[A+급] 갤럭시 A32 64G 블랙 [18253]
갤럭시,A+급,45,[A+급] 갤럭시 퀀텀4 128G 블랙 [46663]
갤럭시,46663,3,[A+급] 갤럭시 퀀텀4 128G 블랙 [46663]
갤럭시,A+급,45,[A+급] 갤럭시 퀀텀4 128G 그린 [32911]
갤럭시,32911,3,[A+급] 갤럭시 퀀텀4 128G 그린 [32911]
갤럭시,A+급,45,[A+급] 갤럭시 퀀텀4 128G 블랙 [69088]
갤럭시,69088,3,[A+급] 갤럭시 퀀텀4 128G 블랙 [69088]
갤럭시,A+급,45,[A+급] 갤럭시 A24 128G 그린 [19556]
갤럭시,19556,3,[A+급] 갤럭시 A24 128G 그린 [19556]
갤럭시,S급,55,[S급] 갤럭시A25 128G 화이트 [24032]
갤럭시,24032,3,[S급] 갤럭시A25 128G 화이트 [24032]
갤럭시,리퍼급,97,[리퍼급]갤럭시S21 최상급컨디션 256G 핑크 공기계 중고폰
갤럭시,S급,55,[S급] 갤럭시A90 128G 블랙 [03543]
갤럭시,03543,3,[S급] 갤럭시A90 128G 블랙 [03543]
갤럭시,S급,55,[S급] 갤럭시A35 5G 128G 블랙 [55575]
갤럭시,55575,3,[S급] 갤럭시A35 5G 128G 블랙 [55575]
갤럭시,S급,55,[S급] 갤럭시A50 64G 오렌지 [19474]
갤럭시,19474,3,[S급] 갤럭시A50 64G 오렌지 [19474]
갤럭시,S급,55,[S급] 갤럭시S21 울트라 256G 실버 [25246]
갤럭시,25246,3,[S급] 갤럭시S21 울트라 256G 실버 [25246]
갤럭시,S급,55,[S급] 갤럭시S21 플러스 256G 퍼플 [24947]
갤럭시,24947,3,[S급] 갤럭시S21 플러스 256G 퍼플 [24947]
갤럭시,S급,55,[S급] 갤럭시A90 128G 블랙 [03543]
갤럭시,03543,3,[S급] 갤럭시A90 128G 블랙 [03543]
갤럭시,A+급,45,[A+급] 갤럭시 A24 128G 그린 [19556]
갤럭시,19556,3,[A+급] 갤럭시 A24 128G 그린 [19556]
갤럭시,A+급,45,[A+급] 갤럭시 A15 128G 화이트 [76345]
갤럭시,76345,3,[A+급] 갤럭시 A15 128G 화이트 [76345]
갤럭시,S급,55,[S급] 갤럭시S24 512G 블랙 [24955]
갤럭시,24955,1,[S급] 갤럭시S24 512G 블랙 [24955]
갤럭시,S급,55,[S급] 갤럭시S23 256G 그린 [24518]
갤럭시,24518,3,[S급] 갤럭시S23 256G 그린 [24518]
갤럭시,S급,55,[S급] 갤럭시S21 256G 블랙 [25005]
갤럭시,25005,2,[S급] 갤럭시S21 256G 블랙 [25005]
갤럭시,A+급,45,[A+급] 갤럭시S21 256G 핑크 [25464]
갤럭시,25464,3,[A+급] 갤럭시S21 256G 핑크 [25464]
갤럭시,A+급,45,[A+급] 갤럭시 노트10 256G 레드 [20450]
갤럭시,20450,3,[A+급] 갤럭시 노트10 256G 레드 [20450]
갤럭시,A+급,45,[A+급] 갤럭시 노트10플러스 256G 블루 [20643]
갤럭시,20643,3,[A+급] 갤럭시 노트10플러스 256G 블루 [20643]
갤럭시,A급,18,[A급] 갤럭시 노트10 플러스 256G 블루 [10414]
갤럭시,10414,3,[A급] 갤럭시 노트10 플러스 256G 블루 [10414]
갤럭시,A급,18,[A급] 갤럭시 S9 64G 블랙 [23167]
갤럭시,23167,3,[A급] 갤럭시 S9 64G 블랙 [23167]
갤럭시,A+급,45,[A+급] 갤럭시 S9 64G 골드 [21936]
갤럭시,21936,3,[A+급] 갤럭시 S9 64G 골드 [21936]
갤럭시,S급,55,[S급] 갤럭시 S24 256G 옐로우 [19082]
갤럭시,19082,3,[S급] 갤럭시 S24 256G 옐로우 [19082]
갤럭시,품번 | 155,2,A+급! 갤럭시S24 256GB 엘로우 [품번 155]
갤럭시,110,2,[110] 갤럭시 린넨 남방
갤럭시,품번 | 239,2,A+급! 갤럭시A30 32GB 블랙 [품번 239]
갤럭시,품번 | 224,2,A+급! 갤럭시S20 128GB 블루 [품번 224]
갤럭시,A+급,45,[A+급] 갤럭시 A32 64G 블랙 [18253]
갤럭시,18253,3,[A+급] 갤럭시 A32 64G 블랙 [18253]
갤럭시,품번 | 224,2,A+급! 갤럭시S20 128GB 블루 [품번 224]
갤럭시,A+급,45,[A+급] 갤럭시 퀀텀4 128G 블랙 [46663]
갤럭시,46663,3,[A+급] 갤럭시 퀀텀4 128G 블랙 [46663]
갤럭시,A+급,45,[A+급] 갤럭시 퀀텀4 128G 그린 [32911]
갤럭시,32911,3,[A+급] 갤럭시 퀀텀4 128G 그린 [32911]
갤럭시,품번 | 144,2,A+급! 갤럭시S24 256GB 블랙 [품번 144]
갤럭시,A+급,45,[A+급] 갤럭시 퀀텀4 128G 블랙 [69088]
갤럭시,69088,3,[A+급] 갤럭시 퀀텀4 128G 블랙 [69088]
갤럭시,A+급,45,[A+급] 갤럭시 A24 128G 그린 [19556]
갤럭시,19556,3,[A+급] 갤럭시 A24 128G 그린 [19556]
갤럭시,품번 | 242,2,A급! 갤럭시A51 128GB 블랙 [품번 242]
갤럭시,품번 | 149,2,A+급! 갤럭시S23 256GB 그린 [품번 149]
갤럭시,품번 | 155,2,A+급! 갤럭시S24 256GB 엘로우 [품번 155]
갤럭시,품번 | 121,2,A급! 갤럭시S22 256GB 핑크 [품번 121]
갤럭시,42만,1,갤럭시 S24플러스 공기계 판매 합니다. [42만]
갤럭시,15만,1,갤럭시 노트20 공기계 판매 합니다.[15만]
갤럭시,리퍼급,97,[리퍼급]갤럭시S22 최상급컨디션 256G 그린 공기계 중고폰
갤럭시,품번 | 205,2,A+급! 갤럭시A31 64G 블루 [품번 205]
갤럭시,품번 | 241,2,A+급! 갤럭시퀀텀 128GB 블루 [품번 241]
갤럭시,S급,55,[S급] 갤럭시A25 128G 화이트 [24032]
갤럭시,24032,3,[S급] 갤럭시A25 128G 화이트 [24032]
갤럭시,품번 | 238,2,A+급! 갤럭시A31 64GB 화이트 [품번 238]
갤럭시,미사용 | 특가,9,[미사용/특가] 갤럭시 S26 정품 미개봉 특가재고
갤럭시,미사용 | 특가,9,[미사용/특가] 갤럭시 S26울트라 정품 미개봉 특가재고
갤럭시,미사용 | 특가,9,[미사용/특가] 갤럭시 S26플러스 정품 미개봉 특가재고
갤럭시,S급,55,[S급] 갤럭시A35 5G 128G 블랙 [55575]
갤럭시,55575,3,[S급] 갤럭시A35 5G 128G 블랙 [55575]
갤럭시,S급,55,[S급] 갤럭시A50 64G 오렌지 [19474]
갤럭시,19474,3,[S급] 갤럭시A50 64G 오렌지 [19474]
갤럭시,S급,55,[S급] 갤럭시S21 울트라 256G 실버 [25246]
갤럭시,25246,3,[S급] 갤럭시S21 울트라 256G 실버 [25246]
갤럭시,품번 | 196,2,A+급! 갤럭시S22 256GB 화이트 [품번 196]
갤럭시,품번 | 249,2,S급!! 갤럭시S23플러스 256GB 크림 [품번 249]
갤럭시,S급,55,[S급] 갤럭시S21 플러스 256G 퍼플 [24947]
갤럭시,24947,3,[S급] 갤럭시S21 플러스 256G 퍼플 [24947]
갤럭시,품번 | 243,1,S급같은A+급! 갤럭시S23플러스 256GB 블랙 [품번 243]
갤럭시,S급,55,[S급] 갤럭시S23 256G 그린 [24518]
갤럭시,24518,3,[S급] 갤럭시S23 256G 그린 [24518]
갤럭시,S급,55,[S급] 갤럭시S21 256G 블랙 [25005]
갤럭시,25005,2,[S급] 갤럭시S21 256G 블랙 [25005]
갤럭시,품번 | 144,2,A+급! 갤럭시S24 256GB 블랙 [품번 144]
갤럭시,A+급,45,[A+급] 갤럭시S21 256G 핑크 [25464]
갤럭시,25464,3,[A+급] 갤럭시S21 256G 핑크 [25464]
갤럭시,품번 | 176,2,A+급! 갤럭시S22 256GB 그린 [품번 176]
갤럭시,A+급,45,[A+급] 갤럭시 노트10 256G 레드 [20450]
갤럭시,20450,3,[A+급] 갤럭시 노트10 256G 레드 [20450]
갤럭시,A+급,45,[A+급] 갤럭시 노트10플러스 256G 블루 [20643]
갤럭시,20643,3,[A+급] 갤럭시 노트10플러스 256G 블루 [20643]
갤럭시,품번 | 205,2,A+급! 갤럭시A31 64G 블루 [품번 205]
갤럭시,A급,18,[A급] 갤럭시 노트10 플러스 256G 블루 [10414]
갤럭시,10414,3,[A급] 갤럭시 노트10 플러스 256G 블루 [10414]
갤럭시,품번 | 241,2,A+급! 갤럭시퀀텀 128GB 블루 [품번 241]
갤럭시,A급,18,[A급] 갤럭시 S9 64G 블랙 [23167]
갤럭시,23167,3,[A급] 갤럭시 S9 64G 블랙 [23167]
갤럭시,혜자템,3,[혜자템]갤럭시S25플러스/S936/256/실버쉐도우/85587
갤럭시,A+급,45,[A+급] 갤럭시 S9 64G 골드 [21936]
갤럭시,21936,3,[A+급] 갤럭시 S9 64G 골드 [21936]
갤럭시,품번 | 175,2,A+급! 갤럭시S21 256GB 화이트 [품번 175]
갤럭시,S급,55,[S급] 갤럭시 S24 256G 옐로우 [19082]
갤럭시,19082,3,[S급] 갤럭시 S24 256G 옐로우 [19082]
갤럭시,품번 | 128,2,A+급! 갤럭시점프3 128G 블랙 [품번 128]
갤럭시,품번 | 242,2,A급! 갤럭시A51 128GB 블랙 [품번 242]
갤럭시,품번 | 249,2,S급!! 갤럭시S23플러스 256GB 크림 [품번 249]
갤럭시,A+급,45,[A+급] 갤럭시 A32 64G 블랙 [18253]
갤럭시,18253,3,[A+급] 갤럭시 A32 64G 블랙 [18253]
갤럭시,품번 | 121,2,A급! 갤럭시S22 256GB 핑크 [품번 121]
갤럭시,A+급,45,[A+급] 갤럭시 퀀텀4 128G 블랙 [46663]
갤럭시,46663,3,[A+급] 갤럭시 퀀텀4 128G 블랙 [46663]
갤럭시,품번 | 239,2,A+급! 갤럭시A30 32GB 블랙 [품번 239]
갤럭시,고가매입,1,[고가매입] 갤럭시북 엘지그램 맥북프로 아이맥 갤럭시탭 아이패드 매입
갤럭시,A+급,45,[A+급] 갤럭시 퀀텀4 128G 그린 [32911]
갤럭시,32911,3,[A+급] 갤럭시 퀀텀4 128G 그린 [32911]
갤럭시,품번 | 196,2,A+급! 갤럭시S22 256GB 화이트 [품번 196]
갤럭시,A+급,45,[A+급] 갤럭시 퀀텀4 128G 블랙 [69088]
갤럭시,69088,3,[A+급] 갤럭시 퀀텀4 128G 블랙 [69088]
갤럭시,품번 | 238,2,A+급! 갤럭시A31 64GB 화이트 [품번 238]
갤럭시,품번 | 176,2,A+급! 갤럭시S22 256GB 그린 [품번 176]
갤럭시,품번 | 149,2,A+급! 갤럭시S23 256GB 그린 [품번 149]
갤럭시,리퍼급,97,[리퍼급]갤럭시S23 최상급컨디션 256G 화이트 공기계 중고폰
갤럭시,품번 | 128,2,A+급! 갤럭시점프3 128G 블랙 [품번 128]
갤럭시,75942,1,@풀박@ 갤럭시 S25 256GB 그레이 [75942]
갤럭시,품번 | 172,2,A+급! 갤럭시A23 128G 블루 [품번 172]
갤럭시,품번 | 172,2,A+급! 갤럭시A23 128G 블루 [품번 172]
갤럭시,품번 | 175,2,A+급! 갤럭시S21 256GB 화이트 [품번 175]
갤럭시,25년 | 개통,4,[25년 개통] 갤럭시Z플립5 256기가 부산중고폰 68024김해 울산
갤럭시,미개봉,101,[미개봉]갤럭시S26 512기가 화이트 자급제
갤럭시,미개봉,101,[미개봉]갤럭시탭A7라이트 64기가 WIFI+LTE
갤럭시,미개봉,101,[미개봉] 갤럭시 퀀텀4 색상 라임
갤럭시,미개봉 | 새상품,13,[미개봉/새상품] 갤럭시 S25 울트라 최고급 프라이버시 액정필름 (2매
갤럭시,리퍼급,97,[리퍼급]갤럭시S24 최상급컨디션 256G 퍼플 공기계 중고폰
갤럭시,삼성 | 갤럭시폴더1 | 스마트폴더 | 통신3사,1,[삼성 갤럭시폴더1/스마트폴더/통신3사] SM-G150NO
갤럭시,S급,55,[S급] 갤럭시S25FE 256GB 판매합니다!
갤럭시,리퍼급,97,[리퍼급]갤럭시S23FE 최상급컨디션 퍼플  공기계 중고폰
갤럭시,미개봉,101,[미개봉]갤럭시북 5
갤럭시,미개봉 | 자급제,1,[미개봉 자급제] S26 울트라 1TB 실버 팝니다
갤럭시,대여,8,[대여]갤럭시북3프로360 1일 단기 렌탈 임대 영상 편집 사무용 빌리
갤럭시,리퍼급,97,[리퍼급]갤럭시노트20 최상급컨디션 256G 블랙 공기계 중고폰
갤럭시,225,1,[225] 아디다스 갤럭시 올블랙 운동화
갤럭시,"프로상점,대여",3,"[프로상점,대여] 갤럭시 s25울트라 512기가"
갤럭시,"프로상점,대여",3,"[프로상점,대여]갤럭시s23울트라 (256/512기가)"
갤럭시,"프로상점,대여",3,"[프로상점,대여]갤럭시 s24울트라 (256/512기가)"
갤럭시,구매,27,[구매] 수원삼성블루윙즈 22시즌 갤럭시 패치
갤럭시,새상품급,28,[새상품급] 갤럭시A23 128기가 화이트 부산중고폰 02413김해 서울
갤럭시,새상품급,28,[새상품급] 갤럭시A24 128GB 부산중고폰 02450김해 서울 양산
갤럭시,무료배송,10,[무료배송] 갤럭시 폴드6 케이스 여러개
갤럭시,리퍼급,97,[리퍼급]갤럭시노트20 최상급컨디션 256G 브론즈 공기계 중고폰
갤럭시,가성비 | 태블릿,1,[가성비 태블릿] 삼성 갤럭시탭 어드밴스2 Wifi
갤럭시,리퍼급,97,[리퍼급]갤럭시S21 최상급컨디션 256G 퍼플 공기계 중고폰
갤럭시,대전 | 대구 | 자급제 | 미개봉,1,[대전/대구/자급제/미개봉] 갤럭시S26울트라 512G 새상품 판매
갤럭시,26년 | 개통,2,[26년 개통] 새상품급. 갤럭시S25FE 부산중고폰 71689울산 김해
갤럭시,리퍼급,97,[리퍼급]갤럭시S22 최상급컨디션 256G 핑크 공기계 중고폰
갤럭시,유희왕,2,[유희왕] NO.62 갤럭시아이즈 프라임 포톤 드래곤
갤럭시,삼성 | 정품 | 올수리 | 새폰급,1,[삼성 정품 올수리/새폰급] 갤럭시 S24 울트라 512G 바이올렛
갤럭시,A급,18,"[A급] 삼성 갤럭시 노트 9 S펜, 스타일러스 펜"
갤럭시,당일발송 | 최저가,1,[당일발송/최저가] 디올 오블리크 갤럭시 힛더로드 크로스백
갤럭시,"당일발송 | 감정서포함,42",1,"[당일발송/감정서포함,42] 디올 B27 갤럭시 스니커즈 42"
갤럭시,리퍼급,97,[리퍼급]갤럭시S23 최상급컨디션 256G 라벤더 공기계 중고폰
갤럭시,새상품급,28,[새상품급] 루이비통 갤럭시 포쉐트 보야주 클러치 풀구성
갤럭시,새상품급,28,[새상품급] 갤럭시퀀텀6 128기가 부산중고폰 02084울산 김해 순천
갤럭시,갤럭시북4,3,[갤럭시북4] s급 배터리 수명 98% 새삥 급처(내일까지)
갤럭시,75697,1,갤럭시 Z폴드6 256GB 핑크 [75697]
갤럭시,75699,1,갤럭시 S23 울트라 256GB 블랙 [75699]
갤럭시,75563,1,@센터올갈이@ 갤럭시 Z폴드6 256GB 블루 [75563]
갤럭시,75736,1,갤럭시 S25 256GB 아이스블루 [75736]
갤럭시,74275,1,갤럭시 S24 플러스 256GB 퍼플 [74275]
갤럭시,75323,1,갤럭시 S25 256GB 민트 [75323]
갤럭시,개통폰,3,[개통폰] 갤럭시25 번호이동 통신사이동 [개봉폰 디피상품]
갤럭시,개봉폰 | 디피상품,1,[개통폰] 갤럭시25 번호이동 통신사이동 [개봉폰 디피상품]
갤럭시,가입폰,2,[가입폰] 갤럭시26 타통신사 -> KT 번호이동 최고조건
갤럭시,삽니다,10,[삽니다] 아이폰 전기종 편하게 문의주세요!~~ 수도권 출장매입 가능
갤럭시,리퍼급,97,[리퍼급]갤럭시S24 최상급컨디션 256G 화이트 공기계 중고폰
갤럭시,새제품,9,[새제품] 레고 갤럭시 스쿼드 70705 판매
갤럭시,리퍼급,97,[리퍼급]갤럭시S23FE 최상급컨디션 민트  공기계 중고폰
갤럭시,예약공구,2,[예약공구] 원신 아이폰&갤럭시 실리콘케이스 응광 북두
갤럭시,리퍼급,97,[리퍼급]갤럭시노트20 최상급컨디션 256G 브론즈 공기계 중고폰
갤럭시,미개봉 | 새제품,4,[미개봉 새제품] 자급제 갤럭시 S26 256G 블랙(보험가입 가능)
갤럭시,리퍼급,97,[리퍼급]갤럭시노트20 최상급컨디션 256G 블랙 공기계 중고폰
갤럭시,리퍼급,97,[리퍼급]갤럭시S23 최상급컨디션 256G 라벤더 공기계 중고폰
갤럭시,미개봉,101,[미개봉] 삼성 정품 갤럭시S26울트라 클리어 케이스
갤럭시,리퍼급,97,[리퍼급]갤럭시S21 최상급컨디션 256G 화이트 공기계 중고폰
갤럭시,리퍼급,97,[리퍼급]갤럭시S22 최상급컨디션 256G 화이트 공기계 중고폰
갤럭시,리퍼급,97,[리퍼급]갤럭시S23FE 최상급컨디션 화이트  공기계 중고폰
갤럭시,리퍼급,97,[리퍼급]갤럭시노트20 최상급컨디션 256G 블랙 공기계 중고폰
갤럭시,리퍼급,97,[리퍼급]갤럭시S21 최상급컨디션 256G 블랙 공기계 중고폰
갤럭시,리퍼급,97,[리퍼급]갤럭시S22 최상급컨디션 256G 블랙 공기계 중고폰
갤럭시,리퍼급,97,[리퍼급]갤럭시S23 최상급컨디션 256G 그린 공기계 중고폰
갤럭시,새상품,70,[새상품] 갤럭시 Z플립6 가죽 맥세이프 케이스
갤럭시,리퍼급,97,[리퍼급]갤럭시S24 최상급컨디션 256G 블랙 공기계 중고폰
갤럭시,일판,1,[일판] 갤럭시아이즈 포톤 체인지 드래곤 [LOCR-JP011]
갤럭시,LOCR-JP011,1,[일판] 갤럭시아이즈 포톤 체인지 드래곤 [LOCR-JP011]
갤럭시,미사용,2,[미사용] 갤럭시 S22 클로버 투명 폰케이스
갤럭시,리퍼급,97,[리퍼급]갤럭시S23FE 최상급컨디션 블랙  공기계 중고폰
갤럭시,미사용&새제품,1,[미사용&새제품] 갤럭시 S22 맥세이프 캔따개 스마트톡 케이스
갤럭시,갤럭시블루+화이트,1,[갤럭시블루+화이트] _레진 탑로더/레진 탑꾸
갤럭시,정품,10,S급) 디올 오블리크 갤럭시 카드지갑 [정품]
갤럭시,슈퍼 | 마리오 | 갤럭시,3,영화 [슈퍼 마리오 갤럭시] A3 포스터 판매합니다.
갤럭시,리퍼급,97,[리퍼급]갤럭시노트20 최상급컨디션 256G 브론즈 공기계 중고폰
갤럭시,리퍼급,97,[리퍼급]갤럭시S21 최상급컨디션 256G 핑크 공기계 중고폰
갤럭시,일괄,5,[일괄] 레진아트 레진공예 재료 폰케이스 아이폰 에어팟 갤럭시 14 15
갤럭시,리퍼급,97,[리퍼급]갤럭시S22 최상급컨디션 256G 그린 공기계 중고폰
갤럭시,미개봉,101,[미개봉] 갤럭시 S26 울트라 자급제 512g 팝니다.-sm-s948n
갤럭시,30,2,[30]갤럭시 여름 슬랙스
갤럭시,858,1,[858]2023 갤럭시북4 프로 U7/32GB/1TB Good급
갤럭시,리퍼급,97,[리퍼급]갤럭시S23 최상급컨디션 256G 화이트 공기계 중고폰
갤럭시,리퍼급,97,[리퍼급]갤럭시S24 최상급컨디션 256G 퍼플 공기계 중고폰
갤럭시,리퍼급,97,[리퍼급]갤럭시S23FE 최상급컨디션 퍼플  공기계 중고폰
갤럭시,정품,10,[정품] 갤럭시 S26 슬림 마그넷 케이스 (단순개봉/실착 1회)
갤럭시,리퍼급,97,[리퍼급]갤럭시노트20 최상급컨디션 256G 블랙 공기계 중고폰
갤럭시,25년 | 개통,4,[25년 개통] 갤럭시점프4 128기가 부산중고폰 01786 김해 명지
갤럭시,무잔상,1,[무잔상] 갤럭시S24 256기가 옐로우 부산중고폰 70451 김해 인천
갤럭시,리퍼급,97,[리퍼급]갤럭시노트20 최상급컨디션 256G 브론즈 공기계 중고폰
갤럭시,잔상 | 없음,2,[잔상 없음] 갤럭시S22울트라 256기가 부산중고폰 01697명지 울산
갤럭시,26년 | 개통,2,[26년 개통] 새상품급. 갤럭시S25FE 부산중고폰 71689울산 김해
갤럭시,잔상 | 없음,2,[잔상 없음] 갤럭시S22울트라 256기가 부산중고폰 01697명지 울산
갤럭시,A+급,45,[A+급] 갤럭시 A32 64G 퍼플 [48002]
갤럭시,48002,3,[A+급] 갤럭시 A32 64G 퍼플 [48002]
갤럭시,25년 | 개통,4,[25년 개통] A급. 갤럭시Z플립5 256기가 부산중고폰 67778서울
갤럭시,정품,10,[정품] 삼성 갤럭시워치/클래식 8 패브릭 밴드
갤럭시,리퍼급,97,[리퍼급]갤럭시S21 최상급컨디션 256G 퍼플 공기계 중고폰
갤럭시,162364,1,갤럭시 탭 A8 64GB WIFI 그레이 [162364]
갤럭시,S등급,1,[S등급] 갤럭시 S26 울트라256GB 블루
갤럭시,리퍼급,97,[리퍼급]갤럭시S22 최상급컨디션 256G 핑크 공기계 중고폰
갤럭시,S급,55,[S급] 갤럭시S23 크림
갤럭시,새액정,1,[새액정] 새상품급. 갤럭시점프4 128기가 팝니다 01874 김해 울산
갤럭시,리퍼급,97,[리퍼급]갤럭시S23 최상급컨디션 256G 라벤더 공기계 중고폰
갤럭시,미개봉,101,[미개봉] 케이스티파이 갤럭시 Z플립 리본 케이스
갤럭시,860,1,[860]2023 갤럭시북3 울트라 i9/32GB/1TB Fine급
갤럭시,리퍼급,97,[리퍼급]갤럭시S24 최상급컨디션 256G 화이트 공기계 중고폰
갤럭시,859,1,[859]2023 갤럭시북4 프로 U7/32GB/1TB Fine급
갤럭시,857,1,[857]2022 갤럭시북2 i3/8GB/256GB Good급
갤럭시,861,1,[861] 갤럭시탭 S11 울트라 5G 12GB/512GB Good급
갤럭시,실속템,4,[실속템]갤럭시A32/A325/64/블랙/80576
갤럭시,갓성비,4,[갓성비]갤럭시A32/A325/64/화이트/80574
갤럭시,리퍼급,97,[리퍼급]갤럭시S23FE 최상급컨디션 민트  공기계 중고폰
갤럭시,제일모직,1,"[제일모직] 엠비오 남성 캐시미어 코트(100), 애쉬그레이"
갤럭시,S급,55,[S급] 갤럭시A32 64G 블랙 [25180]
갤럭시,25180,3,[S급] 갤럭시A32 64G 블랙 [25180]
갤럭시,A+급,45,[A+급] 갤럭시 S23 플러스 256G 블랙 [19495]
갤럭시,19495,3,[A+급] 갤럭시 S23 플러스 256G 블랙 [19495]
갤럭시,리퍼급,97,[리퍼급]갤럭시노트20 최상급컨디션 256G 브론즈 공기계 중고폰
갤럭시,A+급,45,[A+급] 갤럭시 A24 128G 버건디 [88061]
갤럭시,88061,3,[A+급] 갤럭시 A24 128G 버건디 [88061]
갤럭시,A+급,45,[A+급] 갤럭시 A24 128G 블랙 [94482]
갤럭시,94482,3,[A+급] 갤럭시 A24 128G 블랙 [94482]
갤럭시,A+급,45,[A+급] 갤럭시 A15 128G 화이트 [76345]
갤럭시,76345,3,[A+급] 갤럭시 A15 128G 화이트 [76345]
갤럭시,품번 | 237,1,A급! 갤럭시와이드4 32GB 블랙 [품번 237]
갤럭시,A+급,45,[A+급] 갤럭시 퀀텀3 128G 네이비 [87657]
갤럭시,87657,3,[A+급] 갤럭시 퀀텀3 128G 네이비 [87657]
갤럭시,S급,55,[S급] 갤럭시 A32 64G 블랙 [46174]
갤럭시,46174,3,[S급] 갤럭시 A32 64G 블랙 [46174]
갤럭시,S급,55,[S급] 갤럭시 A90 128G 블랙 [48857]
갤럭시,48857,3,[S급] 갤럭시 A90 128G 블랙 [48857]
갤럭시,S급,55,[S급] 갤럭시 A32 64G 블랙 [75426]
갤럭시,75426,3,[S급] 갤럭시 A32 64G 블랙 [75426]
갤럭시,최상급,3,[최상급]갤럭시S26울트라/S948/256/화이트/85584
갤럭시,S급,55,[S급] 갤럭시A32 64G 블랙 [25180]
갤럭시,25180,3,[S급] 갤럭시A32 64G 블랙 [25180]
갤럭시,S급,55,[S급] 갤럭시버디3 128G 화이트 [24937]
갤럭시,24937,2,[S급] 갤럭시버디3 128G 화이트 [24937]
갤럭시,리퍼급,97,[리퍼급]갤럭시노트20 최상급컨디션 256G 블랙 공기계 중고폰
갤럭시,A+급,45,[A+급] 갤럭시 S23 플러스 256G 블랙 [19495]
갤럭시,19495,3,[A+급] 갤럭시 S23 플러스 256G 블랙 [19495]
갤럭시,품번 | 180,1,A급! 갤럭시S22 256GB 블랙 [품번 180]
갤럭시,A+급,45,[A+급] 갤럭시 A24 128G 버건디 [88061]
갤럭시,88061,3,[A+급] 갤럭시 A24 128G 버건디 [88061]
갤럭시,A+급,45,[A+급] 갤럭시 A32 64G 퍼플 [48002]
갤럭시,48002,3,[A+급] 갤럭시 A32 64G 퍼플 [48002]
갤럭시,A+급,45,[A+급] 갤럭시 A24 128G 블랙 [94482]
갤럭시,94482,3,[A+급] 갤럭시 A24 128G 블랙 [94482]
갤럭시,A+급,45,[A+급] 갤럭시 A15 128G 화이트 [76345]
갤럭시,76345,3,[A+급] 갤럭시 A15 128G 화이트 [76345]
갤럭시,A+급,45,[A+급] 갤럭시 퀀텀3 128G 네이비 [87657]
갤럭시,87657,3,[A+급] 갤럭시 퀀텀3 128G 네이비 [87657]
갤럭시,S급,55,[S급] 갤럭시 A32 64G 블랙 [46174]
갤럭시,46174,3,[S급] 갤럭시 A32 64G 블랙 [46174]
갤럭시,S급,55,[S급] 갤럭시 A90 128G 블랙 [48857]
갤럭시,48857,3,[S급] 갤럭시 A90 128G 블랙 [48857]
갤럭시,S급,55,[S급] 갤럭시 A32 64G 블랙 [75426]
갤럭시,75426,3,[S급] 갤럭시 A32 64G 블랙 [75426]
갤럭시,110,2,[110] 갤럭시 네이비 린넨 하프 셔츠
갤럭시,리퍼급,97,[리퍼급]갤럭시S23 최상급컨디션 256G 라벤더 공기계 중고폰
갤럭시,75954,1,갤럭시 탭 S6 라이트 64GB WIFI 그레이 [75954]
갤럭시,S급,55,[S급] 갤럭시A32 64G 블랙 [25180]
갤럭시,25180,3,[S급] 갤럭시A32 64G 블랙 [25180]
갤럭시,S급,55,[S급] 갤럭시버디3 128G 화이트 [24937]
갤럭시,24937,2,[S급] 갤럭시버디3 128G 화이트 [24937]
갤럭시,75693,1,갤럭시 Z플립4 256GB 블루 [75693]
갤럭시,75663,1,갤럭시 Z폴드5 256GB 블루 [75663]
갤럭시,A+급,45,[A+급] 갤럭시 S23 플러스 256G 블랙 [19495]
갤럭시,19495,3,[A+급] 갤럭시 S23 플러스 256G 블랙 [19495]
갤럭시,A+급,45,[A+급] 갤럭시 A24 128G 버건디 [88061]
갤럭시,88061,3,[A+급] 갤럭시 A24 128G 버건디 [88061]
갤럭시,A+급,45,[A+급] 갤럭시 A32 64G 퍼플 [48002]
갤럭시,48002,3,[A+급] 갤럭시 A32 64G 퍼플 [48002]
갤럭시,A+급,45,[A+급] 갤럭시 A24 128G 블랙 [94482]
갤럭시,94482,3,[A+급] 갤럭시 A24 128G 블랙 [94482]
갤럭시,리퍼급,97,[리퍼급]갤럭시S21 최상급컨디션 256G 화이트 공기계 중고폰
갤럭시,A+급,45,[A+급] 갤럭시 퀀텀3 128G 네이비 [87657]
갤럭시,87657,3,[A+급] 갤럭시 퀀텀3 128G 네이비 [87657]
갤럭시,S급,55,[S급] 갤럭시 A32 64G 블랙 [46174]
갤럭시,46174,3,[S급] 갤럭시 A32 64G 블랙 [46174]
갤럭시,S급,55,[S급] 갤럭시 A90 128G 블랙 [48857]
갤럭시,48857,3,[S급] 갤럭시 A90 128G 블랙 [48857]
갤럭시,S급,55,[S급] 갤럭시 A32 64G 블랙 [75426]
갤럭시,75426,3,[S급] 갤럭시 A32 64G 블랙 [75426]
갤럭시,새상품,70,[새상품] 갤럭시 Z플립6 패딩 케이스
갤럭시,갤럭시노트1 | 가개통 | 신품풀박스,1,[갤럭시노트1 가개통 신품풀박스] SHV-E160L 옛날구형스마트폰
갤럭시,S급,55,"[S급] 갤럭시 워치 4, 40mm 메종키츠네 에디션"
갤럭시,리퍼급,97,[리퍼급]갤럭시S22 최상급컨디션 256G 화이트 공기계 중고폰
갤럭시,93만,1,[93만]갤럭시 S26 256GB 블랙 새상품급 판매합니다
갤럭시,12만,1,갤럭시 점프2 공기계 블루 / 화이트 판매합니다[12만]
갤럭시,12.5만,2,[12.5만]갤럭시 점프3 128G 블랙/화이트 판매합니다
갤럭시,75586,1,갤럭시 S25 256GB 아이스블루 [75586]
갤럭시,75594,1,갤럭시 Z폴드7 512GB 블랙 [75594]
갤럭시,75548,1,갤럭시 S25 울트라 256GB 그레이 [75548]
갤럭시,75169,1,갤럭시 S24 256GB 옐로우 [75169]
갤럭시,75509,1,@풀박@ 갤럭시 S26 512GB 화이트 [75509]
갤럭시,75161,1,갤럭시 S25 울트라 256GB 실버블루 [75161]
갤럭시,75173,1,갤럭시 Z플립5 256GB 민트 [75173]
갤럭시,리퍼급,97,[리퍼급]갤럭시S23FE 최상급컨디션 화이트  공기계 중고폰
갤럭시,새상품급,28,[새상품급] 갤럭시퀀텀6 128기가 부산중고폰 02084울산 김해 순천
갤럭시,새상품급,28,[새상품급] 갤럭시A24 128기가 부산중고폰 02448 울산 김해 순천
갤럭시,새상품급,28,[새상품급] 갤럭시A23 128기가 화이트 부산중고폰 02413김해 서울
갤럭시,리퍼급,97,[리퍼급]갤럭시노트20 최상급컨디션 256G 블랙 공기계 중고폰
갤럭시,새상품급,28,[새상품급] 갤럭시A24 128GB 부산중고폰 02450김해 서울 양산
갤럭시,미사용 | 특가,9,[미사용/특가] 갤럭시 S26울트라 정품 미개봉 특가재고
갤럭시,미사용 | 특가,9,[미사용/특가] 갤럭시 S26플러스 정품 미개봉 특가재고
갤럭시,미사용 | 특가,9,[미사용/특가] 갤럭시 S26 정품 미개봉 특가재고
갤럭시,최상급,3,[최상급] 갤럭시 S22 블랙 256gb 공기계
갤럭시,리퍼급,97,[리퍼급]갤럭시S21 최상급컨디션 256G 블랙 공기계 중고폰
갤럭시,풀박스,7,[풀박스] 갤럭시 노트8 64G 골드 SK공기계 + SP커넥터 케이스
갤럭시,리퍼급,97,[리퍼급]갤럭시S22 최상급컨디션 256G 블랙 공기계 중고폰
갤럭시,미개봉,101,[미개봉] 갤럭시 버즈4 프로 팝니다
갤럭시,예약공구,2,[예약공구] 원신 푸리나 테마 아이패드&갤럭시탭 케이스
갤럭시,리퍼급,97,[리퍼급]갤럭시S23 최상급컨디션 256G 그린 공기계 중고폰
갤럭시,정품5번,1,[정품5번]아이폰줄이어폰 이어팟 c타입이어폰 아이패드 갤럭시
갤럭시,GX | BLACK,1,갤럭시 [GX BLACK] 란스미어 리트리버 풀오버 블랙 52 새제품 팜
갤럭시,리퍼급,97,[리퍼급]갤럭시S24 최상급컨디션 256G 블랙 공기계 중고폰
갤럭시,리퍼급,97,[리퍼급]갤럭시S23FE 최상급컨디션 블랙  공기계 중고폰
갤럭시,리퍼급,97,[리퍼급]갤럭시노트20 최상급컨디션 256G 브론즈 공기계 중고폰
갤럭시,리퍼급,97,[리퍼급]갤럭시S21 최상급컨디션 256G 핑크 공기계 중고폰
갤럭시,리퍼급,97,[리퍼급]갤럭시S22 최상급컨디션 256G 그린 공기계 중고폰
갤럭시,리퍼급,97,[리퍼급]갤럭시S23 최상급컨디션 256G 화이트 공기계 중고폰
갤럭시,리퍼급,97,[리퍼급]갤럭시S24 최상급컨디션 256G 퍼플 공기계 중고폰
갤럭시,무잔상 | S펜,1,[무잔상/S펜] 갤럭시탭 S8 와이파이 128GB + 케이스 1개
갤럭시,리퍼급,97,[리퍼급]갤럭시S23FE 최상급컨디션 퍼플  공기계 중고폰
갤럭시,리퍼급,97,[리퍼급]갤럭시노트20 최상급컨디션 256G 블랙 공기계 중고폰
갤럭시,리퍼급,97,[리퍼급]갤럭시노트20 최상급컨디션 256G 브론즈 공기계 중고폰
갤럭시,리퍼급,97,[리퍼급]갤럭시S21 최상급컨디션 256G 퍼플 공기계 중고폰
갤럭시,자급제 | 미개봉,1,[자급제/미개봉] 갤럭시 S26울트라1TB 블랙 (사은품 포함)
갤럭시,OS,2,[OS] 루이비통 x 채프먼 한정판 브라짜 월릿 장지갑
갤럭시,S+급 | 정품,1,[ S+급 / 정품 ] 디올 오블리크 갤럭시 벨트백
갤럭시,새상품,70,[새상품] 갤럭시탭s11 11인치 케이스
갤럭시,리퍼급,97,[리퍼급]갤럭시S22 최상급컨디션 256G 핑크 공기계 중고폰
갤럭시,새제품,9,[새제품] 갤럭시 알루미늄 그래픽카드 지지대_블랙
갤럭시,리퍼급,97,[리퍼급]갤럭시S23 최상급컨디션 256G 라벤더 공기계 중고폰
갤럭시,1-10번 | 일괄 | 무배,1,[1-10번 일괄/무배] 슈퍼 마리오 갤럭시 해피밀 맥도날드
갤럭시,6-10번 | 일괄 | 무배,1,[6-10번 일괄/무배] 슈퍼 마리오 갤럭시 해피밀 맥도날드
갤럭시,리퍼급,97,[리퍼급]갤럭시S24 최상급컨디션 256G 화이트 공기계 중고폰
갤럭시,미개봉,101,[미개봉] 프랑스 화가가 그렸대요. 갤럭시 Z 폴드7 파우치
갤럭시,서울직거래 | 택배가능,1,[서울직거래/택배가능]갤럭시 울트라 S24 대여/1박2일/보증금x 최저가
갤럭시,리퍼급,97,[리퍼급]갤럭시S23FE 최상급컨디션 민트  공기계 중고폰
갤럭시,미개봉,101,[미개봉] 삼성 갤럭시북2 프로360 판매해요.
갤럭시,리퍼급,97,[리퍼급]갤럭시노트20 최상급컨디션 256G 브론즈 공기계 중고폰
갤럭시,S,4,[S] 아디다스 LA갤럭시 13-14 어웨이 노마킹 유니폼
갤럭시,리퍼급,97,[리퍼급]갤럭시노트20 최상급컨디션 256G 블랙 공기계 중고폰
갤럭시,미개봉,101,[미개봉]갤럭시S26울트라1TB 자급제
갤럭시,갤럭시 | S23,1,[갤럭시 S23] 타이니웨더 플로우 젤하드 폰케이스 그린 치크 그라데이션
갤럭시,케이스,1,[케이스] 갤럭시노트10플러스 삼성정품 클리어뷰 커버 (개봉 신품)
갤럭시,리퍼급,97,[리퍼급]갤럭시S23 최상급컨디션 256G 라벤더 공기계 중고폰
갤럭시,90-103,1,[90-103] 갤럭시 바지
갤럭시,리퍼급,97,[리퍼급]갤럭시S21 최상급컨디션 256G 화이트 공기계 중고폰
갤럭시,삽니다,10,[삽니다] 갤럭시탭S10FE+ 구매합니다 WIFI 5G
갤럭시,리퍼급,97,[리퍼급]갤럭시S22 최상급컨디션 256G 화이트 공기계 중고폰
갤럭시,새상품급,28,[새상품급] 갤럭시퀀텀6 128기가 부산중고폰 02084울산 김해 순천
갤럭시,새상품급,28,[새상품급] 갤럭시A24 128기가 부산중고폰 02448 울산 김해 순천
갤럭시,새상품급,28,[새상품급] 갤럭시A23 128기가 화이트 부산중고폰 02413김해 서울
갤럭시,새상품급,28,[새상품급] 갤럭시A24 128GB 부산중고폰 02450김해 서울 양산
갤럭시,한정판,1,[ 한정판 ] 디올 오블리크 갤럭시 카드지갑 정품
갤럭시,리퍼급,97,[리퍼급]갤럭시S23FE 최상급컨디션 화이트  공기계 중고폰
갤럭시,새상품급,28,[새상품급] 갤럭시퀀텀6 128기가 부산중고폰 02084울산 김해 순천
갤럭시,리퍼급,97,[리퍼급]갤럭시노트20 최상급컨디션 256G 블랙 공기계 중고폰
갤럭시,새상품급,28,[새상품급] 갤럭시A24 128기가 부산중고폰 02448 울산 김해 순천
갤럭시,특가,19,[특가][정품]입생로랑 겔럭시 체인백
갤럭시,정품,10,[특가][정품]입생로랑 겔럭시 체인백
갤럭시,새상품급,28,[새상품급] 갤럭시점프3 128기가 블랙 부산중고폰 김해 명지 울산
갤럭시,새상품급,28,[새상품급] 갤럭시점프3 128기가 화이트 부산중고폰 김해 명지 울산
갤럭시,S급,55,[S급] 갤럭시탭A(T290) 32GB (WIFI)
갤럭시,S급,55,[S급] 갤럭시탭 A7 lite 64GB (셀룰러)
갤럭시,리퍼급,97,[리퍼급]갤럭시S21 최상급컨디션 256G 블랙 공기계 중고폰
갤럭시,S급,55,[S급] 갤럭시 Z플립4 256GB 퍼플
갤럭시,S급,55,[S급] 갤럭시 노트 20 울트라 256GB 블랙
갤럭시,무보증,2,[무보증]갤럭시울트라25대여-서울재즈페스티벌/메가콘/위버스콘
갤럭시,실속템,4,[실속템]갤럭시A32/A325/64/블랙/85140
갤럭시,무보증,2,[무보증]갤럭시울트라25대여-택배/메가콘/라이즈
갤럭시,미사용 | 특가,9,[미사용/특가] 갤럭시 z플립7 정품 미개봉 특가재고
갤럭시,미사용 | 특가,9,[미사용/특가] 갤럭시 z플립7 정품 미개봉 특가재고
갤럭시,니키투모로우,1,[니키투모로우] galaxy ode 점퍼스커트
갤럭시,꿀픽,3,[꿀픽]갤럭시버디4/A166/128/그레이/85571
갤럭시,품번 | 222,1,A+급! 갤럭시S21 256GB 블랙 [품번 222]
갤럭시,정품,10,[정품] 삼성 갤럭시 워치 애슬레저 밴드 블루
갤럭시,미사용 | 특가,9,[미사용/특가] 갤럭시 폴드7 정품 미개봉 특가재고
갤럭시,25년 | 개통,4,[25년 개통] 갤럭시Z플립5 256기가 부산중고폰 68024김해 울산
갤럭시,S급 | 풀박스,1,[S급/풀박스] 갤럭시 Z 폴드7 케이스티파이 맥세이프 케이스
갤럭시,혜자템,3,[혜자템]갤럭시S24/S921/256/오닉스블랙/85564
갤럭시,최상급,3,[최상급]갤럭시S23/S911/256/크림/85147
갤럭시,실속템,4,[실속템]갤럭시S24/S921/256/코발트바이올렛/85141
갤럭시,9.5만,1,갤럭시 A12 판매 합니다. [9.5만]
갤럭시,SK용,2,[SK용] 삼성애니콜 갤럭시S1 SHW-M110S 초기스마트폰
갤럭시,무료배송,10,[무료배송] 중고 갤럭시 지포스 GTX1060 천명 D5 3GB
갤럭시,SK용,2,[SK용] 삼성애니콜 갤럭시S1 풀셋/ SHW-M110S 초기스마트폰
갤럭시,12.5만,2,갤럭시 점프3 5G 화이트 128GB 판매합니다[12.5만]
갤럭시,대여,8,[대여]갤럭시s23울트라 1일 단기 렌탈 임대 콘서트폰 빌리팩토리
갤럭시,A급,18,[A급] 갤럭시탭 A8 LTE 64G 삼성 정품 스탠딩 케이스 증정
갤럭시,A1,1,[A1] 아더에러 갤럭시 블레이저(논페인팅)
갤럭시,26만,1,갤럭시 S22 블랙 256G 판매합니다[26만]
갤럭시,36만,1,[36만]갤럭시 S23 256GB 블랙 판매합니다
갤럭시,B등급,4,[B등급]  갤럭시 Z폴드4 256GB 블랙
갤럭시,A등급,2,[A등급] 갤럭시 Z플립 7 256GB 블랙
갤럭시,B등급,4,[B등급] 갤럭시 Z플립6 256GB 실버
갤럭시,B등급,4,[B등급] 갤럭시 Z플립6 256GB 블루
갤럭시,Wii,1,"[Wii] 닌텐도위 ""슈퍼마리오Wii2 갤럭시 어드벤처"" 판매합니다."
갤럭시,새상품 | B급,1,[새상품/B급] 갤럭시 노트10 플러스 핑거링 휴대폰케이스
갤럭시,개통폰,3,[개통폰] 갤럭시 Z 폴드6 번호이동 통신사이동 [개봉단말 디피상품]
갤럭시,개봉단말 | 디피상품,2,[개통폰] 갤럭시 Z 폴드6 번호이동 통신사이동 [개봉단말 디피상품]
갤럭시,개통폰,3,[개통폰] 갤럭시 플립6 타통신사->LG  번호이동 [개봉단말 디피상품]
갤럭시,개봉단말 | 디피상품,2,[개통폰] 갤럭시 플립6 타통신사->LG  번호이동 [개봉단말 디피상품]
갤럭시,삽니다,10,[삽니다] 갤럭시 전기종 편하게 문의주세요!~~ 수도권 출장매입 가능
갤럭시,"미개봉,새상품",7,"[미개봉,새상품]갤럭시 S25 엣지 256기가 특판"
갤럭시,"미개봉,새상품",7,"[미개봉,새상품]갤럭시 S25FE 256G"
갤럭시,"미개봉,새상퓸",1,"[미개봉,새상퓸]갤럭시 S26 256GB"
갤럭시,OS | 백화점판,2,[OS/백화점판] 디올 오블리크 갤럭시 그레이 반지갑
갤럭시,A급,18,[A급] 삼성 갤럭시 Z플립1/ 미러퍼플 SM-F700N 폴더폰
갤럭시,네고가능,1,[네고가능] 갤럭시 워치 4 판매합니다.
갤럭시,새제품급,1,[새제품급] 삼성 갤럭시m446 128기가 무잔상
갤럭시,30,2,[30]갤럭시 여름 슬랙스
갤럭시,일괄금액 | 개별제시,1,[일괄금액/개별제시]갤럭시코즈믹 킹레오 아이카츠 스타즈 복각
갤럭시,초희귀,3,[초희귀] 마블 가디언즈 갤럭시 블루레이스틸북 영화 초희귀 bluray
갤럭시,보증서 | 정품,1,[보증서 정품]입생로랑 갤럭시 크로스백
갤럭시,42,2,[42] 디올 화이트 블루 데님 오블리크 갤럭시 B27 로우탑 스니커즈
갤럭시,42,2,[42] 디올 화이트 블루 데님 오블리크 갤럭시 B27 로우탑 스니커즈
갤럭시,교환,25,[교환] 갤럭시 <-> 아이폰 12~15라인
갤럭시,미개봉,101,[미개봉] 갤럭시 25 울트라 슈피겐 카메라 렌즈 보호 강화유리 필름
갤럭시,"미개봉,새상품",7,"[미개봉,새상품]갤럭시 S26 울트라 256GB"
갤럭시,75706,1,갤럭시 S25 플러스 512GB 네이비 [75706]
갤럭시,가개통,1,[가개통] 갤럭시 S26 울트라 / 512GB / 스카이블루
갤럭시,가입폰,2,[가입폰] 갤럭시26 타통신사 -> SK  번호이동 최고조건
갤럭시,S급,55,[S급] 갤럭시 S23 256GB 크림
갤럭시,혜자템,3,[혜자템]갤럭시Z폴드4/F936/256/베이지/85171
갤럭시,꿀픽,3,[꿀픽]갤럭시S23/S911/256/라벤더/85127
갤럭시,69만,1,[69만]갤럭시 S25 256G 아이스블루 판매합니다
갤럭시,정품.미개봉,1,[정품.미개봉]아이폰줄이어폰 갤럭시 c타입이어폰 아이폰15이어폰 아이패드
갤럭시,SS급,1,[SS급] 갤럭시 S23 512GB(비스포크)
갤럭시,꿀픽,3,[꿀픽]갤럭시S22플러스/S906/256/팬텀화이트/85122
갤럭시,A급,18,[A급] 갤럭시 S22 플러스 256GB
갤럭시,갓성비,4,[갓성비]갤럭시S23플러스/S916/256/크림/85116
갤럭시,107만,2,[107만]갤럭시 S26플러스 256GB 블랙 신폰급 판매합니다
갤럭시,63만,1,[63만]갤럭시 S25FE 네이비 256GB 새상품급 판매합니다
갤럭시,실속템,4,[실속템]갤럭시S23플러스/S916/256/크림/85115
갤럭시,품번 | 216,2,A급! 갤럭시점프3 128G 블랙 [품번 216]
갤럭시,품번 | 217,2,S급! 갤럭시S25 5G 256G 실버 [품번 217]
갤럭시,품번 | 218,2,A+급! 갤럭시플립7 5G 256G 블루 [품번 218]
갤럭시,품번 | 225,2,A+급! 갤럭시플립6 5G 256G 엘로우 [품번 225]
갤럭시,품번226,1,A+급! 갤럭시S24플러스 5G 256G 바이올렛 [품번226]
갤럭시,품번 | 216,2,A급! 갤럭시점프3 128G 블랙 [품번 216]
갤럭시,품번 | 217,2,S급! 갤럭시S25 5G 256G 실버 [품번 217]
갤럭시,품번 | 218,2,A+급! 갤럭시플립7 5G 256G 블루 [품번 218]
갤럭시,품번 | 225,2,A+급! 갤럭시플립6 5G 256G 엘로우 [품번 225]
갤럭시,슈퍼 | 마리오 | 갤럭시,3,[슈퍼 마리오 갤럭시] 관람권 두 장 판매합니다!
갤럭시,25만,5,갤럭시 워치8 40mm 미개봉 새상품 판매합니다[25만]
갤럭시,25만,5,갤럭시 워치8 40미리 그라파이트 미개봉 새상품 판매합니다[25만]
갤럭시,S급,55,[S급] 갤럭시 노트20 울트라 256GB 블랙
갤럭시,상태매우매우좋음,1,[상태매우매우좋음] 갤럭시 s23 256GB
갤럭시,무료배송,10,[무료배송] 중고 갤럭시 GTX950 2GB 허니에디션
갤럭시,무료배송,10,[무료배송] 중고 갤럭시 지포스 GTX1060 개간지 D5 3GB
갤럭시,미개봉 | 새상품,13,[미개봉 새상품] 갤럭시탭 S11 울트라 그레이 256GB
갤럭시,A등급,2,[A등급] 갤럭시 S24 울트라 256GB 옐로우
갤럭시,B등급,4,[B등급] 갤럭시 S22 256GB 블랙
갤럭시,단순개봉,10,[단순개봉] 갤럭시 S26 울트라 512GB 블랙
갤럭시,리퍼급,97,[리퍼급]갤럭시S23FE 최상급컨디션 민트  공기계 중고폰
갤럭시,대여,8,[대여] 갤럭시S23 /s22u 울트라
갤럭시,xs,4,[xs] 오프화이트 갤럭시 반바지
갤럭시,서울,1,[서울] 갤럭시A90 5g 128GB 잔상폰
갤럭시,아카데미,1,[아카데미] 고전RC 갤럭시버기 1:10 (미개봉)+정크 등
갤럭시,842,1,[842]2022 갤럭시북2 프로 i5/16GB/256GB Fair급
갤럭시,839,1,[839]2022 갤럭시북2 프로 i5/16GB/768GB Fair급
갤럭시,846,1,[846]2021 갤럭시북 이온2 i5/12GB/256GB Fair급
갤럭시,일괄판매,3,[일괄판매] 갤럭시 s25 사생활보호 액정강화 필름 새상품 일괄판매
갤럭시,정품,10,[정품][A급]입생로랑 갤럭시 크로스백
갤럭시,A급,18,[정품][A급]입생로랑 갤럭시 크로스백
갤럭시,슈퍼 | 마리오 | 갤럭시,3,[슈퍼 마리오 갤럭시] 스티커
갤럭시,QCCP-KR064,1,갤럭시 익스페디션 [QCCP-KR064]
갤럭시,RC04-KR018,1,갤럭시아이즈 애프터글로우 드래곤 [RC04-KR018]
갤럭시,새상품,70,[새상품] 갤럭시워치 스트랩 20mm
갤럭시,A급,18,[A급] 갤럭시 A35 128GB
갤럭시,안심O,1,[안심O]삼캐플o 완전새것급 풀박스 갤럭시 Z 폴드7 1테라 1TB 제트블랙
갤럭시,17만,1,갤럭시 와이드8 공기계 팝니다.[17만]
갤럭시,"미개봉,새상품",7,"[미개봉,새상품]갤럭시 S26 울트라"
갤럭시,"미개봉,새제품",2,"[미개봉,새제품]갤럭시Z플립7 256G"
갤럭시,붕괴:스타레일,1,급처 합니다! [붕괴:스타레일] 은랑 갤럭시 S24+ 에디션[혜택 쿠폰 제외]
갤럭시,혜택 | 쿠폰 | 제외,1,급처 합니다! [붕괴:스타레일] 은랑 갤럭시 S24+ 에디션[혜택 쿠폰 제외]
갤럭시,새상품,70,[새상품]갤럭시 S26 256GB 블랙 자급제
갤럭시,"미개봉,새제품",2,"[미개봉,새제품]갤럭시S25엣지 256G"
갤럭시,대전 | 중고폰,2,[대전 중고폰] 갤럭시 A9플러스 5G 64GB / SS급 / 실사진 / 420797
갤럭시,대전 | 중고폰,2,[대전 중고폰] 갤럭시 워치6클래식 43mm 블랙 / 미개봉 / 실사진 / 413703
갤럭시,"미개봉,새상품",7,"[미개봉,새상품]갤럭시 S26"
갤럭시,"미개봉,새상품",7,"[미개봉,새상품]갤럭시 S26+"
갤럭시,새제품,9,[새제품] 갤럭시북6 프로 16인치 1TB 32GB 최고사양 KD72S
갤럭시,무료배송,10,[무료배송] 에이핀 갤럭시탭 울트라 마그네틱 회전형 거치대
갤럭시,25.5만,2,갤럭시 Z플립5 공기계 판매 합니다. [25.5만]
갤럭시,특가,19,"CGV[특가] 교생실습,호빵맨,남태령,군체,마이클,살목지,악마는프라다를입는다,슈퍼마리오갤럭시,뒷자리에태워줘,은혼"
갤럭시,97만,1,*대용량* 갤럭시 S26 블랙 512GB 신품급 공기계 판매합니다[97만]
갤럭시,새상품,70,[새상품] 정품 삼성 갤럭시 퀀텀6 카드 슬롯 케이스 팝니다
갤럭시,새 | 상품급,1,[새 상품급] 갤럭시 S26 256기가 자급제 풀박스
갤럭시,25.5만,2,갤럭시 Z플립5 공기계 판매 합니다. [25.5만]
갤럭시,35만,1,[35만]갤럭시 Z플립5 512GB 대용량 판매합니다
갤럭시,갤럭시북4,3,[갤럭시북4] 특A급 NT960XGK.Ultra7 고사양 급처(3개월사용)
갤럭시,갤럭시북5,2,[갤럭시북5] 미개봉 26년생산 NT751 XHD 급처 (어제구입)
갤럭시,판매,8,[판매] 삼성 갤럭시북5 프로 14인치 NT940XHA-K51AG (SSD 512GB 업글)
갤럭시,미개봉,101,갤럭시 S26 울트라 스카이블루 512 자급제 [미개봉]
갤럭시,새제품,9,[새제품] 갤럭시 GALAX 지포스 GT1030 강아지 D5 2GB LP (무료배송)
센티넬,초레어 | 미개봉,1,[초레어 / 미개봉] 죠죠 디오 DIO 관 센티넬 피규어
센티넬,미개봉,101,[미개봉] RIOBOT 1/12 모스피다 VR-038L 바틀리 후케기
센티넬,센티넬,1,페이트[센티넬]1/7 FGO버서커/수수께끼의 히로인 X 피규어
센티넬,블로키,1,[블로키] 트랜스포머 클래식클래스 CC24 센티넬 프라임
센티넬,미개봉,101,센티넬 RIOBOT 블랙옥스 [미개봉] 판매
센티넬,구매중,1,[구매중] 중고 센티넬 - RIOBOT - NERV 대 G 전용결전병기 자룡 불랙버전 안전거래 구매합니다
센티넬,마블 | 레고,1,[마블 레고] 레고 76022 액스맨 대 센티넬
센티넬,급처 | 오늘만판매,1,"[급처/오늘만판매] 센티넬 철인28호 FX, 블랙옥스 일괄"
센티넬,급처,5,[급처] 센티넬 그라비온 3종 일괄 판매
센티넬,미개봉 | 급처,1,[미개봉/급처] 센티넬 컴패터블 카이저 + G썬더 게이트
핫토이,새상품,70,[새상품] 핫토이 코스베이비 헐크 양도
핫토이,미개봉,101,[미개봉] 핫토이 MMS756 데드풀 & 울버린 울버린(자켓 버전)피규어
핫토이,개봉양품,6,[개봉양품]수수토이즈 수스쿼 블러드스포트 1/6 피규어(핫토이x)
핫토이,미개봉,101,[미개봉]댐토이 갱스터킹덤 스칼렛요한슨 1/6 피규어(핫토이x)
핫토이,개봉미전시,4,[개봉미전시]쓰리제로 워킹데드 칼그라임스 디럭스 1/6 피규어(핫토이x)
핫토이,미개봉,101,[미개봉]프리미어토이 매드맥스 두프 기타 워리어 1/6 피규어(핫토이x)
핫토이,개봉전시,6,[개봉전시]핫토이 할리퀸 댄서 드레스 버전 1/6 피규어
핫토이,미개봉 | 무료배송,8,[미개봉/무료배송] 핫토이 마일즈 모랄레스 (MMS710)
핫토이,미개봉 | 일괄판매 | 무배,2,"[미개봉/일괄판매/무배] 핫토이 (1,2대)호크아이 2종 세트"
핫토이,오티 | OATY,1,판매) [오티/OATY] 1/6 배트맨 비긴즈 커스텀 망토(롱) 핫토이
핫토이,핫토이,15,[핫토이]MMS283 핫토이 스타워즈 오비완케노비 판매합니다.
핫토이,핫토이,15,[핫토이]MMS437 핫토이 스타워즈 아나킨 스카이워커  판매합니다.
핫토이,미개봉 | 새상품,13,[미개봉 새상품] 핫토이 스타워즈 플로쿤 판매합니다
핫토이,미개봉 | 새상품,13,[미개봉 새상품] 핫토이 스타워즈 보바펫 빈티지 버젼 40주년 한정판 판
핫토이,메탈 | 나이트,1,[메탈 나이트] 1/6 핫토이 타노스용 다이캐스트 검
핫토이,새상품,70,[새상품] 디즈니 핫토이 크리스마스 악몽 코스비 피규어 잭
핫토이,미개봉 | 무료배송,8,[미개봉/무료배송] 핫토이 울버린 TVA 자켓ver.
핫토이,개봉양품,6,[개봉양품]핫토이 어벤져스 브루스배너 1/6 피규어
핫토이,개봉양품,6,[개봉양품]핫토이 아이언맨 마크3 블루스텔스 한정판 1/6 피규어
핫토이,개봉전시,6,[개봉전시]핫토이 코스베이비 파프롬홈 스파이더맨&닉퓨리 피규어
핫토이,개봉양품,6,[개봉양품]핫토이 미녀와 야수 벨 엠마왓슨 1/6 피규어
핫토이,판매,8,[판매] 마블 핫토이 인피니티워 스파이더맨 캡틴아메리카
핫토이,미개봉 | 무료배송,8,[미개봉/무료배송] 핫토이 와스프 (앤트맨과 와스프ver.)
핫토이,미개봉 | 일괄판매 | 무배,2,[미개봉/일괄판매/무배] 핫토이 러브앤썬더 토르 & 마이티토르
핫토이,미개봉 | 무료배송,8,[미개봉/무료배송] 핫토이 사무라이 프레데터 2.0 (일반판)
핫토이,미개봉 | 무료배송,8,[미개봉/무료배송] 핫토이 더 플래시 (스페셜 에디션)
핫토이,핫토이,15,[핫토이]MMS517 핫토이 스타워즈 루크스카이워커  판매합니다.
핫토이,핫토이,15,[핫토이]MMS257 핫토이 아이언맨 마크3  판매합니다.
핫토이,새상품,70,[새상품] 핫토이 어벤져스 팀슈트 양도
핫토이,새상품,70,[새상품] 핫토이 닥터스트레인지 트리오 양도
핫토이,새상품,70,[새상품]핫토이 워머신 마크4 양도
핫토이,주말할인,1,[주말할인]핫토이 DC 솔로 아쿠아맨 작가작커스텀 인아트x jndx
핫토이,미개봉,101,핫토이 [미개봉] mms629 노웨이홈 닥터스트레인지 인아트x JNDx
핫토이,다이캐스트,1,(핫토이)아이언맨3 워머신MARK2[다이캐스트](미개봉)
핫토이,핫토이,15,판매) [핫토이] MMS140 (벨트) / MMS236 (셔츠+넥타이)
핫토이,핫토이,15,[핫토이] PPLU066N 스티치 코스비 플러시 키체인 - 트로피컬 소다
핫토이,새상품,70,[새상품] 핫토이 블랙위도우 MMS603
핫토이,새상품,70,[새상품] 핫토이 로닌 양도
핫토이,미개봉 | 무료배송,8,[미개봉/무료배송] 핫토이 아이언맨 마크3 골드크롬Ver.
핫토이,미개봉 | 무료배송,8,[미개봉/무료배송] 핫토이 TVA 로키 (TMS061)
핫토이,일괄판매,3,[일괄판매] 아이언맨 핫토이 코스비 피규어
핫토이,새상품,70,[새상품] 핫토이 코스베이비 라지 아이언맨 마크85 배틀링버젼
핫토이,미개봉,101,[미개봉]프레젠트토이 아이언맨 마크3 컨스트럭션 1/6 피규어(핫토이x)
핫토이,미개봉,101,[미개봉]핫토이 코스베이비 나이트메어 배트맨vs플라잉 슈퍼맨 피규어
핫토이,개봉전시,6,[개봉전시]핫토이 코스베이비 엔드게임 아이언맨 마크85&레스큐 피규어
핫토이,개봉미전시,4,[개봉미전시]무사시 카타나 사무라이검 합금 1/6 피규어(핫토이x)
핫토이,미개봉,101,[미개봉]피첸 임페리얼 가디언 12인치 피규어(핫토이x)
핫토이,핫토이,15,[핫토이] TMS040 - 핫토이 마블 팔콘과 윈터솔져 - 캡틴아메리카
핫토이,핫토이,15,[핫토이] 아이언맨 3 흉상 버스트 1/6 스케일 8종 디럭스 세트
핫토이,핫토이 | MMS462D22,1,[핫토이/MMS462D22] 아이언맨 MK4 다이캐스트 & 수트업 갠트리
핫토이,교환,25,[교환] 핫토이 스타워즈 이워크(이웍) 코스비 플러시 키체인 컬렉션
핫토이,개봉양품,6,[개봉양품]쓰리제로 지아이조 스네이크아이 1/6 피규어(핫토이x)
핫토이,미개봉,101,[미개봉]핫토이 워머신 마크4 다이캐스트 1/6 피규어
핫토이,정품,10,[정품] 핫토이 어벤져스 코스베이비 세트 Avengers
핫토이,개봉전시,6,[개봉전시]핫토이 코스베이비 스파이더맨 마일즈모랄레스 후드버전 피규어
핫토이,미개봉,101,[미개봉]쓰리제로 울트라맨 슈트 제로 1/6 피규어(핫토이x)
핫토이,미개봉,101,[미개봉]i8toys 세번째 마녀 그라니아 1/6 피규어(핫토이x)
핫토이,개봉미전시,4,[개봉미전시]AFSTOYS 여성 자켓+벨트 1/6 피규어(핫토이x)
핫토이,개봉전시,6,[개봉전시]핫토이 코스베이비 아이언 스파이더맨 피규어
핫토이,개봉양품,6,[개봉양품]핫토이 스타워즈 EP3 아나킨스카이워커 1/6 피규어
핫토이,핫토이,15,[핫토이] 아이언맨 마크3 블루스텔스 팝니다
핫토이,미개봉 | 새상품,13,[미개봉 새상품] 핫토이 MMS267 스타워즈 스톰트루퍼
핫토이,미개봉,101,[미개봉] 핫토이 코스베이비 스파이더맨
핫토이,피규어,1,[피규어] 핫토이 데드스트레인지/ 디펜더스트레인지 코스베이비 보블헤드
핫토이,개봉미전시,4,[개봉미전시]맥스넛 존윅2 데미지 헤드 1/6 피규어(핫토이x)
핫토이,핫토이,15,[핫토이]MMS478 핫토이 스타워즈 오비완케노비  판매합니다.
핫토이,미개봉,101,[미개봉]핫토이 코스베이비 배트맨+로빈 세트 피규어
핫토이,미개봉,101,[미개봉]핫토이 코스베이비 엔드게임 로키 셉터 어벤져스버전 피규어
핫토이,미개봉,101,[미개봉]핫토이 워머신 퍼니셔 퓨쳐파이트 아이언맨 1/6 피규어
핫토이,개봉전시,6,[개봉전시]일레븐 울버린 로건 헤드 1/6 피규어(핫토이x)
핫토이,새상품,70,[새상품] 타노스 & 가모라 핫토이즈 코스베이비
핫토이,미개봉 | 무료배송,8,[미개봉/무료배송] 핫토이 워머신 마크4 다이캐스트 (MMS499)
핫토이,새상품,70,[새상품] 핫토이 워머신 양도
핫토이,미개봉,101,[미개봉] 핫토이 스타워즈 KX 엔포서 드로이드 피규어 (TMS072)
핫토이,미개봉,101,[미개봉] 핫토이 1989 배트맨 1/6 디럭스 피규어 MMS693
핫토이,미개봉,101,[미개봉] 핫토이 스타워즈 C-3PO (클론의 습격 MMS650-D46)
핫토이,미개봉,101,[미개봉] 핫토이 스타워즈 만달로리안&블러그 (TMS046)
핫토이,랜덤,1,[랜덤] 하이큐 핫토이 코스비 미니 피규어 8종 - 단품
핫토이,개봉품 | 핫토이 | 가격인하,2,[개봉품/핫토이/가격인하]1/6 핫토이 캡틴 마블 MMS521 개봉양품 팝니다.
핫토이,개봉품 | 핫토이 | 가격인하,2,[개봉품/핫토이/가격인하]1/6 핫토이 가면라이더 블랙썬 TMS100 개봉 양품 팝니다
핫토이,가격인하,1,핫토이 아이언맨 마크49 레스큐(양품) 판매 [가격인하]
핫토이,123cm | 대형피규어,1,[ 123cm 대형피규어 ] 급처 외계인 피규어 모형 UFO 인형 브릭 핫토이 장식 인테리어
핫토이,미개봉,101,[미개봉] 핫토이 MMS756 데드풀 & 울버린 울버린 (TVA 자켓 버전) 1/6 피규어
핫토이,특가,19,"[특가]인프레임 장비2.0, 쿠릉사원 , 핫토이(파프홈메이드, 마크50악세사리세트)"
핫토이,핫토이,15,판매) [핫토이] MMS140 (벨트 단품)배트맨 비긴즈 : 데몬 배트맨+셔츠+넥타이
핫토이,QS021,1,[QS021] 핫토이 마크4 겐트리 합본
핫토이,미개봉,101,[미개봉] 핫토이 마크50 악세사리세트
핫토이,핫토이,15,[핫토이]글래디에이터 토르 디럭스(MMS445)
핫토이,핫토이,15,[핫토이]초S급 스파이더맨 홈커밍 디럭스버전 팝니다
핫토이,핫토이,15,[핫토이] 코스베이비 미개봉 새상품 2종 판매합니다.
핫토이,중고 | 전시품,1,"[중고 전시품] 울버린 브라운 3종 일괄 판매합니다. (핫토이, 호노스튜디오, 사이드쇼)"
핫토이,핫토이,15,[핫토이] 1/6 닥터 스트레인지(인피니티 워) 개봉•미전시품 판매합니다.
핫토이,핫토이x,1,[핫토이x]초레어 미개봉 피규어 판매
핫토이,미개봉,101,[미개봉] 핫토이 스타워즈 클론파일럿 판매합니다.
던스,새상품,70,[새상품] 리던스 톤앤스팟 코렉터 앰플 30ml 더블기획
던스,S,4,[S]던스트 에이프릴 샤워 하프 트렌치코트/라이트카키
던스,새상품,70,[새상품]바이오던스마스크40매 +제로모공패드 4통+코스알엑스스30매
던스,정품,10,[정품] DUNST 던스트 여성용 투턱 차콜그레이 버뮤다 반바지(M)
던스,M,0,[M] 던스트 클라우드 부클레 스웨터 멜란지 그레이
던스,새상품,70,[새상품] 바이오던스 콜라겐 펩타이드 젤리 세럼 미스트 50ml
던스,새상품,70,[새상품] 바이오던스 콜라겐 펩타이드 세럼 더블 기획
던스,마지막 | 가격,1,[마지막 가격] 던스트 빈티지 울 블레이저 자켓 XL (새상품)
던스,M,0,[M] 던스트 테일러드 더블 브레스티드 울 코트 헤링본
던스,NEW,2,[NEW] 바이오던스 아이패치 캐비어 콜라겐 2종
던스,NEW,2,[NEW] 바이오던스 리포좀 버블 부스터 95ml 2종
던스,새상품,70,[새상품] 바이오던스 콜라겐 펩타이드 젤리 세럼 미스트
던스,새상품,70,[새상품] 바이오던스 겔타입 시켈프 마스크팩 4매
던스,M,0,[M] 던스트 클래식 트랙탑 레드
던스,270,2,[270]나이키 에어포스 1 LV8 VT 인디펜던스데이 블랙 별포스
던스,M,0,[M](명작) 던스트 오버사이즈드 레더 자켓
던스,M,0,[M]던스트 로우라이즈 데님 라이트 블루 M
던스,모공 | 광채,1,[모공/광채] 바이오던스 포어 퍼펙팅 콜라겐 펩타이드 세럼
던스,M,0,[M] 던스트 더블브레스티드 코트 그레이
던스,미개봉 | 새상품,13,[미개봉/새상품] 바이오던스 리포좀 버블 부스터 95ml 콜라겐
던스,XS,0,던스트 레더자켓[XS]
던스,던스트,3,[던스트] 라쿤캐시미어니트 (DARK NAVY / S 사이즈)
던스,1+1,2,[1+1] 바이오던스 포어 퍼펙팅 콜라겐 펩타이드 세럼 30ml x2
던스,미개봉,101,[미개봉]바이오던스 세라놀 겔 토너 패드 기획
던스,판매,8,[판매] 던스트 소프트 프레임 숄더백
던스,XS,0,[XS] 던스트 클래식 보이프렌드 셔츠 블루
던스,신제품 | new,1,[신제품/new] 바이오던스 리포좀 버블 부스터 (콜라겐)
던스,M,0,[M]던스트 카라 비건 레더 블루종 팝니다
던스,미개봉 | 새상품,13,[미개봉/새상품] 바이오던스 콜라겐 펩타이드 젤리 세럼 미스트 50ml
던스,던스트,3,[던스트] 홀터넥 슬리브리스 니트 탑 블랙/크림 s UDSW4B222BK
던스,미개봉,101,[미개봉] 바이오던스 세라놀 겔 토너 패드 판매합니다
던스,"XS,85",1,"[XS,85]던스트 여성 빅로고 맨투맨 긴팔티 dunst"
던스,74,2,[74] 던스 순무 바디수트
던스,74,2,[74] 던스 빅순무 플레이수트
던스,255,2,[255] 조던 에어 케이던스 프라그먼트 파티클 그레이
던스,정품 | 70% | 할인,2,[정품 70% 할인] 코너 아이웨어 데카던스 스모크 그레이
던스,1회착,1,[1회착] 던스트 브이넥 아가일 니트 XL
던스,L,2,[L] guest in residence 게스트 인 레지던스 캐시미어 니
던스,1+1,2,[1+1]바이오던스-포어 퍼펙팅 콜라겐 펩타이드 세럼 더블기획(30ml*
던스,미개봉 | 새상품,13,[미개봉/새상품] 바이오던스 아이패치 60매 콜라겐
던스,미개봉 | 새상품,13,[미개봉 새상품] 바이오던스 콜라겐  아이패치 60매
던스,스페셜 | 코팅,1,MG 1/100 프로비던스 건담 [스페셜 코팅]
던스,구해요,2,[구해요] 던스트 Dunst 실키 셔츠
던스,265,1,[265] 미즈노 웨이브 케이던스 니트 골프화 (No.411)
던스,"M,95",1,"[M,95]던스트 스몰로고 후드티 dunst"
던스,M,0,[M]Dunst 던스트 Puppy 반팔/블랙
던스,영화팜플렛,2,[영화팜플렛] 컨피던스 맨 JP 영웅편 일본 전단지 (2022)
던스,영화팜플렛,2,[영화팜플렛] 컨피던스 맨 JP 일본전단지 (2019) 히가시데마사히로
던스,던스트,3,[던스트] UNISEX BOUCLE LOGO SWEATSHIRT BURG
던스,새상품,70,[새상품] 던스트 H-LINE MIDI SKIRT BLACK
던스,L,2,[L] 던스트 UNISEX COATED COTTON HALF COAT B
던스,새상품,70,[새상품] noregret 노리그렛 클래식 브이넥 니트 가디건 던스트
던스,속바지 | 부착.고급스런V금장.모던스타일,1,"""치마바지 플리츠 스커트""[속바지 부착.고급스런V금장.모던스타일]"
던스,새상품,70,[새상품] 바이오던스 리포좀 버블 부스터 95ml 콜라겐
던스,M,0,[M] 던스트(dunst) 세미 부츠컷 데님 진 인디고(RAW BLUE)
던스,XS,0,(새상품)[XS]던스트 24FW 블랙 노카라 카라리스 트위드 자켓 재킷
던스,S,4,(새상품)[S]던스트 레이싱 레더 자켓 양가죽 가죽재킷 점퍼
던스,새상품,70,[새상품]바이오던스 콜라겐 펩타이드 아이패치 60매
던스,새상품,70,[새상품]바이오던스 콜라겐 펩타이드 리포좀 버블 부스터 95ml
던스,M,0,[M ]던스트 슬림 네이비 슬랙스(새제품)
던스,새제품,9,[새제품] 던스트 네이비 스트라이프 원피스
던스,새상품,70,[새상품]던스트 헤어리 모크넥 니트 스웨터 그레이 m사이즈
던스,게스트인레지던스,2,[게스트인레지던스] 90 55 여 캐시미어니트
던스,255,2,[255] 미즈노 웨이브 케이던스 고어텍스 골프화
던스,배송 | 포함,1,[배송 포함] 던스트 울 블루종 자켓
던스,무료배송,10,[무료배송]던스트 맨투맨
던스,새상품,70,[새상품]바이오던스 하이드로 세라놀 앰플 30ml+콜라겐마스크팩
던스,새제품,9,[새제품]바이오던스 포어퍼펙팅 콜라겐 펩타이드 세럼30ml+크림10ml
던스,S | 30 | 이하 | 추천,1,[S / 30 이하 추천] 던스트 라운지 울 슬랙스
던스,5개일괄,1,[5개일괄] 바이오던스 콜라겐 마스크팩 5매
던스,새상품,70,[새상품] 던스 핑크딸기 플레이수트 74
던스,새상품,70,[새상품] 던스 핑크딸기 플레이슈트 80
던스,정품 | 70% | 할인,2,[정품 70% 할인] 코너 아이웨어 데카던스 스모크 그레이
던스,새상품,70,[새상품]DUNS SWEDEN 던스 스케이터 92사이즈
던스,게스트인레지던스,2,[게스트인레지던스] 90 55 여 캐시미어니트
던스,미개봉 | 새상품,13,[미개봉 새상품] 바이오던스 콜라겐 아이패치 60매
던스,삽니다,10,[삽니다] 던스 블랙클로버 블클배기
