bracket_content,normalized_content,count,platform_counts,keyword_counts_top8,sample_titles
리퍼급,리퍼급,61,번개장터:61,갤럭시 s26:61,[리퍼급]갤럭시S23 최상급컨디션 256G 라벤더 공기계 중고폰 | [리퍼급]갤럭시S21 최상급컨디션 256G 화이트 공기계 중고폰 | [리퍼급]갤럭시S22 최상급컨디션 256G 화이트 공기계 중고폰 | [리퍼급]갤럭시S21 최상급컨디션 256G 블랙 공기계 중고폰 | [리퍼급]갤럭시S22 최상급컨디션 256G 블랙 공기계 중고폰
01272,01272,34,번개장터:34,갤럭시 s26:34,[01272] 당일발송 갤럭시S25 S931 256GB 블루쉐도우 무잔상
미개봉,미개봉,33,번개장터:21 | 중고나라:12,아이폰 16:12 | 갤럭시 s26 울트라:8 | 갤럭시 s26:4 | 아이폰 17e:3 | 아이폰 17:2 | 아이폰 17 프로 맥스:1 | 아이폰 17 프로:1 | 갤럭시 s25 플러스:1,[미개봉] 직94) 아이폰17e 256GB 자급제 | 아이폰17 Pro Max MagSafe [정품] 투명 케이스[미개봉] | [미개봉] 아이폰17e 256GB 자급제 팝니다. | [미개봉] 벨킨 울트라 강화유리 아이폰17 프로맥스용 | [미개봉]케이스티파이 아이폰17 프로 파워퍼프걸 블로섬 케이스
미사용/새상품,미사용/새상품,21,번개장터:21,아이폰 17 프로:8 | 갤럭시 s26:6 | 아이폰 17e:2 | 아이폰 17 프로 맥스:2 | 갤럭시 s26 울트라:2 | 갤럭시 s26 엣지:1,"[미사용/새상품]아이폰17E 재고정리 할인 [13,14,15,16,프로] | [미사용/새상품]아이폰16E 재고정리 할인 [13,14,15,17,프로] | [미사용/새상품]아이폰17프로맥스 재고정리 할인 [13,14,15,16] | [미사용/새상품]아이폰16프로맥스 재고정리 할인 [13,14,15,17] | [미사용/새상품]아이폰17에어 재고정리 할인[13,14,15,16,프로]"
새상품,새상품,21,번개장터:17 | 중고나라:4,아이폰 16:9 | 아이폰 17:4 | 아이폰 17e:3 | 아이폰 17 프로 맥스:2 | 갤럭시 s26:1 | 갤럭시 s25 플러스:1 | 갤럭시 s25:1,"[새상품]아이폰17프로 casetify케이스티파이iPhone17pro | [새상품]아이폰17프로맥스 케이스티파이 주토피아 | [새상품] 아이폰 17프로맥스 맥세이프 케이스 | [ 새상품 ] 아이폰 17 폰케이스 | [새상품] 아이폰17 맥세이프 링 스탠드 케이스, 핸드폰 거치대"
할인특가/미사용,할인특가/미사용,19,번개장터:19,아이폰 17 프로:6 | 갤럭시 s26:6 | 갤럭시 s26 울트라:3 | 아이폰 17 프로 맥스:2 | 아이폰 17:2,"[할인특가/미사용]아이폰17프로맥스 판매합니다+13,14,15,16시리즈 | [할인특가/미사용]아이폰16프로맥스 판매합니다+13,14,15,17시리즈 | [할인특가/미사용]아이폰16프로 판매합니다 +13,14,15,17시리즈 | [할인특가/미사용]아이폰16 판매합니다 +13,14,15,17,프로시리즈 | [할인특가/미사용]아이폰17프로 판매합니다 +13,14,15,16시리즈"
01162,01162,18,번개장터:18,아이폰 16:18,[01162] 당일발송 아이폰16e 128GB 블랙 무잔상 새상품급 배터
00866,00866,18,번개장터:18,갤럭시 s26 울트라:18,[00866] 당일발송 갤럭시S25울트라 S938 512GB 무잔상 블랙
01334,01334,18,번개장터:18,갤럭시 s26:18,[01334] 당일발송 갤럭시S24 256GB 무잔상 새상품급 엠버옐로우
01298,01298,18,번개장터:18,갤럭시 s26:18,[01298] 당일발송 갤럭시S24FE S721 256GB 블랙 외관 깨
01231,01231,18,번개장터:18,갤럭시 s25 울트라:18,[01231] 당일발송 갤럭시S23울트라 S918 512GB 올리브그린
S급,S급,17,번개장터:15 | 중고나라:2,갤럭시 s26:9 | 갤럭시 s26 울트라:4 | 갤럭시 s25:4,[S급] 갤럭시 S21 울트라 256G 화이트 [23364] | [S급] 갤럭시S21 울트라 256G 블랙 [18520] | [S급] 갤럭시 S23 256G 크림 [23462] | [S급] 갤럭시 S23 256G 핑크 [19237] | [S급] 갤럭시 S21 256G 화이트 [24709]
00133,00133,17,번개장터:17,갤럭시 s26:17,[00133] 당일발송 갤럭시S23FE 256GB 블랙 무잔상 외관 깔끔
00633,00633,17,번개장터:17,갤럭시 s26:17,[00633] 당일발송 갤럭시S23FE 256GB 바이올렛 무잔상 새상품
00506,00506,17,번개장터:17,갤럭시 s26:17,[00506] 당일발송 갤럭시S23플러스 256GB 크림 외관 새상품급
01144,01144,17,번개장터:17,갤럭시 s25 울트라:17,[01144] 당일발송 갤럭시S23울트라 S918 512GB 자급제 올리
대전 중고폰,대전 중고폰,16,중고나라:16,갤럭시 s25:10 | 갤럭시 s25 플러스:4 | 아이폰 16:1 | 갤럭시 s26:1,[대전 중고폰] 아이폰16 256GB 블랙 / A급 / 실물촬영 / 매장운영 394776 | [대전 중고폰] 갤럭시 S26 512GB 화이트 / SS급 / 실사진 / 411170 | [대전 중고폰] 갤럭시 S25플러스 512GB 민트 / S급 / 실사진 / 409459 | [대전 중고폰] 갤럭시 S25플러스 256GB 실버 / S급 / 실사진 / 099439 | [대전 중고폰] 갤럭시 S25플러스 512GB 실버 / S급 / 실사진 / 409458
00217,00217,16,번개장터:16,갤럭시 s26:16,[00217] 당일발송 갤럭시S23 256GB 클라우드라벤더 외관 깨끗한
00072,00072,16,번개장터:16,갤럭시 s26:16,[00072] 당일발송 갤럭시S23 256GB 올리브그린 외관 꺠끗한 리
01048,01048,16,번개장터:16,갤럭시 s25 울트라:16,[01048] 당일발송 갤럭시S21울트라 512GB 외관 깔끔한 S급 블
A급/배터리100%,A급/배터리100%,15,번개장터:15,아이폰 16:15,[A급/배터리100%] 아이폰6 16GB 스페이스그레이 | [A급/배터리100%] 아이폰6 16GB~128GB 스페이스그레이 | [A급/배터리100%] 아이폰6s 16GB 스페이스그레이 | [A급/배터리100%] 아이폰5s 16GB~64GB 골드/실버/스그 | [A급/배터리100%] 아이폰5s 16GB 스페이스그레이
당일발송,당일발송,15,번개장터:15,아이폰 16:15,"[당일발송] 아이폰5S 16GB (3color) | [당일발송] 아이폰6s 16GB~128GB 골드 | [당일발송] 아이폰5~8 16GB~256GB (7color) | [당일발송]아이폰6 /16,32,64GB 실버 / 스그 / 골드 | [당일발송]아이폰6 /16,32,64,128GB /(3color)"
KT,KT,13,번개장터:13,아이폰 17:4 | 아이폰 16:4 | 아이폰 17 프로 맥스:2 | 아이폰 17 프로:2 | 갤럭시 s26 울트라:1,아이폰17프로맥스[KT](새상품/전색상/애플케어) | [KT]아이폰17프로맥스(새상품/전색상/미개봉 얼리버드 특가) | [KT]아이폰17프로(새상품/전색상/애플케어) | [KT]아이폰17프로(새상품/전색상/미개봉 얼리버드 특가) | 아이폰17에어[KT](새상품/전색상/애플케어)
SKT,SKT,13,번개장터:13,아이폰 16:5 | 아이폰 17:4 | 아이폰 17 프로 맥스:2 | 아이폰 17 프로:2,[SKT]아이폰17프로맥스(새상품/전색상/애플케어) | [SKT]아이폰17프로맥스(새상품/전색상/정품) | [SKT]아이폰17프로(새상품/전색상/애플케어) | [SKT]아이폰17프로(새상품/전색상/미개봉 얼리버드 특가) | [SKT]아이폰17에어(새상품/전색상/애플케어)
01277,01277,13,번개장터:13,갤럭시 s26:13,[01277] 당일발송 갤럭시S24 256GB 무잔상 깨끗한 리퍼급 바이
특가할인/배터리100%,특가할인/배터리100%,12,번개장터:12,아이폰 16:12,[특가할인/배터리100%] 아이폰6s 16GB 스페이스그레이 | [특가할인/배터리100%] 아이폰6 16GB~128GB 스페이스그레이 | [특가할인/배터리100%] 아이폰5s 16GB 골드/실버/스페이스그레이 | [특가할인/배터리100%] 아이폰6s 16GB 골드 | [특가할인/배터리100%] 아이폰6 16GB 스페이스그레이
알뜰통신사,알뜰통신사,11,번개장터:11,아이폰 17:4 | 아이폰 16:3 | 아이폰 17 프로:2 | 아이폰 17 프로 맥스:1 | 갤럭시 s26 울트라:1,[알뜰통신사]아이폰17프로맥스(새상품/전색상/미개봉) | [알뜰통신사]아이폰17프로(새상품/전색상/정품) | [알뜰통신사]아이폰17프로(새상품/전색상/애플케어) | [알뜰통신사]아이폰17에어(새상품/전색상/정품) | [알뜰통신사]아이폰17(새상품/전색상/미개봉 얼리버드 특가)
68만,68만,11,중고나라:10 | 번개장터:1,갤럭시 s25:10 | 갤럭시 s26:1,[68만]SS급 갤럭시S25_256  전색상  효도폰 세컨폰 업무 | [68만]S급 갤럭시S25 256기가 전색상 | [68만]S급 업무용 갤럭시S25 [256기가] | [68만]S급 갤럭시S25 256기가 네이비 | [68만] 갤럭시S25 256기가 네이비
LG,LG,10,번개장터:10,아이폰 17:4 | 아이폰 17 프로 맥스:2 | 아이폰 17 프로:2 | 아이폰 16:2,[LG]아이폰17프로맥스(새상품/전색상/애플케어) | [LG]아이폰17프로맥스(새상품/전색상/정품) | [LG]아이폰17프로(새상품/전색상/애플케어) | [LG]아이폰17프로(새상품/전색상/정품) | [LG]아이폰17(새상품/전색상/애플케어)
새제품,새제품,10,중고나라:5 | 번개장터:5,아이폰 16:6 | 아이폰 17 프로 맥스:2 | 갤럭시 s26 울트라:1 | 갤럭시 s26:1,아이폰17 프로맥스 맥세이프 정품케이스 [새제품] | [새제품]케이스티파이 주토피아 닉 아이폰17프로맥스 | [새제품] 케이스티파이 카메라 렌즈 프로텍터 아이폰16/16플러스 | [새제품] 케이스티파이 임팩트 HD 액정 보호 필름 아이폰16 | [새제품] 아이폰16프로맥스 생폰 케이스 제트스킨 나노슬림 유광
배터리100%,배터리100%,10,번개장터:10,아이폰 16:9 | 아이폰 17:1,"[배터리100%] 아이폰13 128기가 부산중고폰 01770김해 춘천 | [배터리100%]아이폰5s 16GB 32GB 64GB (3color) | [배터리100%]아이폰6 16,32,128GB (3color) | [배터리100%]아이폰6 16GB 32GB 64GB (3color) | [배터리100%] 아이폰 16e 128gb 화이트색상 S급"
17만,17만,10,중고나라:10,아이폰 17:10,아이폰 12 미니 공기계 판매 합니다.[17만]
16만,16만,10,중고나라:10,아이폰 16:10,아이폰XR 공기계 판매 합니다. [16만]
아이폰 17프로맥스,아이폰 17프로맥스,8,번개장터:8,아이폰 17 프로 맥스:8,[아이폰 17프로맥스] 어반소피스티케이션 엔드리스 스카이 25S | [아이폰 17프로맥스] 어반소피스키케이션 헬로키티 | [아이폰 17프로맥스] 어반소피스티케이션 오트 밀크 22S | [아이폰 17프로맥스] 어반소피스티케이션 미러 푸퍼케이스 43S | [아이폰 17프로맥스] 어반소피스키케이션 헬로키티 스터즈9
정품,정품,7,번개장터:6 | 중고나라:1,아이폰 16:5 | 아이폰 17e:1 | 아이폰 17 프로 맥스:1,아이폰17 Pro Max MagSafe [정품] 투명 케이스[미개봉] | [정품] 아이폰 17프로맥스맥세이프케이스 (카메라 컨트롤 지원) | [정품] 케이스티파이 텔레토비 아이폰16 케이스 | [정품] 아이폰16프로 DIY 꾸미기 케이스 | [정품]케이스티파이 아이폰16프로 맥세이프 호환 임팩트 링 스탠드 케이스
미개봉 자급제,미개봉 자급제,7,중고나라:6 | 번개장터:1,갤럭시 s26:4 | 아이폰 17:1 | 갤럭시 s26 울트라:1 | 갤럭시 s25:1,[미개봉 자급제]애플 아이폰 17 512g 화이트/블랙 | [[[미개봉 자급제]]] 갤럭시s26울트라 512G 화이트 | [미개봉 자급제] 갤럭시 s26 512기가 새제품 | [미개봉 자급제] 갤럭시 s26 512기가 정품 케이스 충전기 드림 | 삼성스토어에서구입 [미개봉 자급제] 갤럭시 s25 256기가 새제품
색상선택가능,색상선택가능,7,번개장터:7,아이폰 16:7,[색상선택가능] 아이폰 5S A급/16GB 결제창 | [색상선택가능] 아이폰 5S S급/16GB 결제창 | [색상선택가능] 아이폰 5S B급/16GB 결제창 | [색상선택가능] 아이폰 SE SS급 16GB 결제창 | [색상선택가능] 아이폰 SE B급/16GB 결제창
카메라무음,카메라무음,7,번개장터:7,아이폰 16:7,아이폰6 16기가 실버 배터리100% [카메라무음] | 아이폰6 16기가 그레이 배터리100% [카메라무음] | [카메라무음] 아이폰6 실버 16GB
삽니다,삽니다,6,번개장터:6,아이폰 17 프로:3 | 아이폰 17 프로 맥스:2 | 아이폰 17:1,[삽니다] 아이폰17 프로 프로맥스 256 512 1TB 미개봉 자급제 | [삽니다] 아이폰17프로맥스 256 512미개봉 새제품 | [삽니다] 케이스티파이 리플케이스 아이폰 17프로 쇼크핑크 | [삽니다] 아이폰17프로 카메라무음 대여(5/1~5/2) | [삽니다] 아이폰17프로 256 512미개봉
애플,애플,6,번개장터:5 | 중고나라:1,아이폰 16:5 | 아이폰 17 프로 맥스:1,[애플] 아이폰17 프로 맥스 정품 케이스 | [애플]아이폰16플러스 전색상 미개봉 13차 재입고 | [애플]아이폰16프로 256기가 특가판매합니다 번개톡 빠른 문의주세요 | [애플]아이폰16프로맥스 특가 판매중입니다 전색상 미개봉 | [애플]아이폰16E/256기가
"미개봉,새상품","미개봉,새상품",6,번개장터:6,갤럭시 s26:3 | 아이폰 17 프로:1 | 아이폰 17:1 | 갤럭시 s26 엣지:1,"[미개봉,새상품]아이폰17프로 256G | [미개봉,새상품]아이폰17 256G | [미개봉,새상품]갤럭시 S25 엣지 256기가 특판 | [미개봉,새상품]갤럭시S26/256GB | [미개봉,새상품]갤럭시 S25FE 256G"
가개통,가개통,6,번개장터:6,아이폰 17:3 | 갤럭시 s26 울트라:2 | 아이폰 17 프로:1,[가개통] 아이폰17 프로 / 1TB / 실버 / 배터리성능 100% | [가개통] 아이폰17 / 256GB / 화이트 / 배터리성능 100% | [가개통] 아이폰17 / 256GB / 블루 / 배터리성능 100% | [가개통] 아이폰17 / 512GB / 라벤더 / 배터리성능 100% | [가개통]갤럭시S26 울트라/S948/512/스카이블루/85325
A급/당일발송,A급/당일발송,6,번개장터:6,아이폰 16:6,[A급/당일발송] 아이폰6 16GB 실버/스페이스그레이 | [A급/당일발송] 아이폰6s Plus 16GB~128GB (4color) | [A급/당일발송] 아이폰6 16GB 골드/실버/스페이스그레이 | [A급/당일발송] 아이폰6s 16GB 스페이스그레이 | [A급/당일발송] 아이폰6s Puls 16GB~128GB (4color)
바로배송|배터리100%,바로배송|배터리100%,6,번개장터:6,아이폰 16:6,[바로배송|배터리100%]아이폰6s 16GB 스페이스 그레이 | [바로배송|배터리100%]SS급 아이폰6 16GB 실버 | [바로배송|배터리100%]SS급 아이폰6 16GB 스페이스 그레이 | [바로배송|배터리100%]아이폰6s 16GB (4color)
자급제,자급제,6,중고나라:5 | 번개장터:1,아이폰 16:2 | 갤럭시 s26 울트라:2 | 갤럭시 s26:1 | 갤럭시 s25 플러스:1,"[자급제]아이폰 16프로맥스 화이트 512GB 풀박스 | [자급제] 아이폰 16 256GB 단순개봉 팝니다 | [자급제] 갤럭시 S26 울트라 512 코발트 바이올렛 | [자급제] 갤럭시 S26 울트라 512GB 블랙 | 삼성전자 갤럭시 S26 5G [자급제] 256GB, 12GB, 화이트"
72만,72만,6,중고나라:5 | 번개장터:1,갤럭시 s25:5 | 갤럭시 s26 엣지:1,[72만]갤럭시 S25엣지 256GB 실버색상 새상품급 판매합니다. | [72만]S급 업무용 갤럭시S25 [512기가] | [72만]S급 갤럭시S25 512기가 네이비 | 갤럭시 S25엣지 256G 팔아요[72만]
아이폰 17프로,아이폰 17프로,5,번개장터:5,아이폰 17 프로:5,[아이폰 17프로] 어반소피스티케이션 피젯 베이비발레 | [아이폰 17프로] 어반소피스티케이션 델리킷 보우 인 레드 리본케이스 | [아이폰 17프로] 어반소피스티케이션 피젯 케이스 블루 | [아이폰 17프로] 어반소피스티케이션 헬로키티 스터즈 | [아이폰 17프로] 어반소피스티케이션 크라잉 쿠로미
미사용/특가,미사용/특가,5,번개장터:5,갤럭시 s26:2 | 아이폰 17 프로:1 | 아이폰 17:1 | 갤럭시 s26 울트라:1,[미사용/특가] 아이폰17프로 번개장터 안전거래 가능 | [미사용/특가] 아이폰17 번개장터 안전거래 가능 | [미사용/특가] 갤럭시 S26울트라 번개장터 안전거래 가능 | [미사용/특가] 갤럭시 S26 번개장터 안전거래 가능 | [미사용/특가] 갤럭시 S26 플러스 번개장터 안전거래 가능
"미개봉,새제품","미개봉,새제품",5,중고나라:5,갤럭시 s25:2 | 아이폰 17 프로:1 | 아이폰 17:1 | 아이폰 16:1,"[미개봉,새제품]아이폰17프로 256G | [미개봉,새제품]아이폰17 256G | [미개봉,새제품]아이폰16프로 256G | [미개봉,새제품]갤럭시S25엣지 256G | [미개봉,새제품]갤럭시S25 특가"
새상품/미개봉/정품/애케플,새상품/미개봉/정품/애케플,5,번개장터:5,아이폰 16:5,아이폰16플러스128기가 [새상품/미개봉/정품/애케플] | [Lgu+]아이폰16프로맥스256기가[새상품/미개봉/정품/애케플] | [알뜰폰]아이폰16프로맥스256기가 [새상품/미개봉/정품/애케플] | [SKT]아이폰16프로맥스 256기가 [새상품/미개봉/정품/애케플] | [SKT]아이폰16프로128기가 [새상품/미개봉/정품/애케플]
한정특가/배터리100%,한정특가/배터리100%,5,번개장터:5,아이폰 16:5,[한정특가/배터리100%] 아이폰6 16GB 64GB 골드/스페이스그레이 | [한정특가/배터리100%] 아이폰6 16GB 골드/스페이스그레이 | [한정특가/배터리100%] 아이폰6 16GB~128GB (3color) | [한정특가/배터리100%] 아이폰6 16GB~128GB 실버/스그 | [한정특가/배터리100%] 아이폰6 16GB 골드/실버/스페이스그레이
특가할인,특가할인,5,번개장터:5,아이폰 16:5,[특가할인] 아이폰5s 16GB 골드/실버/스페이스그레이 | [특가할인] 아이폰5~8 16GB~128GB (7color) | [특가할인] 아이폰5 16GB 실버/블랙
아이폰 16프로맥스,아이폰 16프로맥스,5,번개장터:5,아이폰 16:5,[아이폰 16프로맥스] 어반소피스티케이션 푸퍼 발레리나 54a | [아이폰 16프로맥스] 어반소피스티케이션 푸퍼 라인스톤 인 실버 | [아이폰 16프로맥스] 어반소피스티케이션 푸퍼 미러 52 | [아이폰 16프로맥스] 어반소피스티케이션 푸퍼 퍼피크러쉬 | [아이폰 16프로맥스] 어반소피스티케이션 핑크 보우 리본케이스
25년 개통,25년 개통,5,번개장터:5,갤럭시 s26:5,[25년 개통] A급. 갤럭시S25 256기가 부산중고폰 70874김해
98만,98만,5,중고나라:5,갤럭시 s25 울트라:5,[98만]S급 갤럭시S25 울트라 512기가 | [98만]갤럭시S25 울트라 512기가 블랙
개통폰,개통폰,4,번개장터:4,아이폰 17:3 | 아이폰 16:1,[개통폰] 아이폰17 타통신사 -> KT 번호이동 최고조건 | [개통폰] 아이폰17 타통신사 -> SK 번호이동 최고조건 | [개통폰] 아이폰17 타통신사 -> LG 번호이동 최고조건 | [개통폰] 아이폰16 타통신사 -> LG 번호이동 최고조건
최상급,최상급,4,중고나라:2 | 번개장터:2,아이폰 17:2 | 아이폰 16:1 | 갤럭시 s26:1,[최상급]정품 아이폰 에어 17 범퍼 - 블랙 | [최상급]아이폰 17에어 256GB 스페이스 블랙 | [최상급]아이폰6s / 16GB / 64GB 스페이스그레이 | [최상급]갤럭시S23FE/S711/256/블랙/85225
미개봉/새상품,미개봉/새상품,4,번개장터:3 | 중고나라:1,아이폰 16:4,[미개봉/새상품]아이폰16프로맥스/16PROMAX/16프로 | [미개봉/새상품]아이폰16/16플러스 전색상입고 | [미개봉/새상품] 애플정품 아이폰16 프로 맥스 맥세이프 투명 케이스 | [미개봉/새상품]애플 정품 아이폰 16프로맥스 맥세이프 투명케이스
Apple,Apple,4,번개장터:4,아이폰 16:4,[Apple]아이폰16프로맥스 256기가 정품/미개봉/새상품 | [Apple]NEW 아이폰16프로 신상품 미개봉 특가 판매중 | [Apple]아이폰16플러스 재입고 빠른품절 번개톡 문의주세요 | [Apple]아이폰16 미개봉 전색상 재입고 화이트/블랙 빠른 품절됩니다
5월6일 예약판매,5월6일 예약판매,4,번개장터:4,아이폰 16:4,[5월6일 예약판매]아이폰 5c 옐로우 16기가 #7497 미사용 | [5월6일 예약판매] 아이폰 5c 그린 16기가 #6298 | [5월6일 예약판매]아이폰 5c 핑크 16기가 #1941 신품수준 | [5월6일 예약판매] 아이폰 5c 옐로우 16기가 #5326
60만,60만,4,번개장터:2 | 중고나라:2,아이폰 16:2 | 갤럭시 s25:2,아이폰 16E 128G 화이트 배터리 94% 판매합니다[60만] | [60만] 아이폰 16E 128G 화이트 배터리 94% 판매합니다 | [60만] S급 갤럭시 S25 FE 256기가
256GB,256GB,4,번개장터:4,갤럭시 s26 울트라:2 | 갤럭시 s26:2,[KT]갤럭시S24울트라 [256GB] | [알뜰통신사]갤럭시S24울트라 [256GB] | [자급제X/마지막재고]갤럭시S24 [256GB] | [KT기기변경 마지막재고]갤럭시S24플러스 [256GB]
무잔상,무잔상,4,번개장터:4,갤럭시 s26:4,[무잔상] 갤럭시S23플러스 256기가 크림 부산중고폰 70765 김해 | [무잔상] 갤럭시S24 256기가 옐로우 부산중고폰 70451 김해 인천 | [무잔상] 갤럭시S23플러스 256기가 부산중고폰 70765인천 양산
A+급,A+급,4,번개장터:4,갤럭시 s26:4,[A+급] 갤럭시 S20 플러스 256G 레드 [22116] | [A+급] 갤럭시 S23 플러스 256G 블랙 [19495]
70만,70만,4,중고나라:3 | 번개장터:1,갤럭시 s25:2 | 갤럭시 s26:1 | 갤럭시 s25 플러스:1,[70만]갤럭시S25플러스_256 상태좋아요 | [70만]S급 갤럭시S25네이비512기가 선물폰 세컨폰
01242,01242,4,번개장터:4,갤럭시 s26:4,[01242] 당일발송 갤럭시S25플러스 256GB 무잔상 미사용 새제품
"13,14,15,16,프로","13,14,15,16,프로",3,번개장터:3,아이폰 17 프로:2 | 아이폰 17e:1,"[미사용/새상품]아이폰17E 재고정리 할인 [13,14,15,16,프로] | [미사용/새상품]아이폰17에어 재고정리 할인[13,14,15,16,프로] | [미사용/새상품] 아이폰17 재고정리 할인 [13,14,15,16,프로]"
구매,구매,3,번개장터:3,아이폰 17 프로 맥스:1 | 아이폰 17:1 | 갤럭시 s25:1,[구매]아이폰 15프로맥스 iOS 17.2.1~17.3.1or미개봉 | [구매] 아이폰 17 케이스티파이 구매합니다!! | [구매] 미개봉 갤럭시 S25 512G 자급제 삽니다
5월6일 발송확정,5월6일 발송확정,3,번개장터:3,아이폰 16:2 | 아이폰 17:1,[5월6일 발송확정] 아이폰 5c 그린 32기가 #5717 | [5월6일 발송확정] 아이폰 5c 핑크 16기가 #9479 | [5월6일 발송확정] 아이폰 5c 블루 16기가 #2579 박풀/미사용급
당일배송,당일배송,3,번개장터:3,아이폰 16:3,"[당일배송] S급 아이폰6S 스페이스그레이 16GB | [당일배송] 아이폰 6S 16GB~아이폰5,5s,6,7,8 사진용 | [당일배송]아이폰6 /16 ,32, 64GB /스페이스그레이"
제휴카드,제휴카드,3,번개장터:3,아이폰 16:2 | 갤럭시 s25 울트라:1,[제휴카드]아이폰16E/애플정품/미개봉/새상품/애플케어 | [제휴카드]아이폰16프로 새상품/Apple care+/정품/미개봉/ | [제휴카드]갤럭시S25 울트라[삼성전자 새상품]
판매,판매,3,번개장터:2 | 중고나라:1,아이폰 16:1 | 갤럭시 s25 울트라:1 | 갤럭시 s25:1,[판매] 아이폰 16 프로맥스 케이스티파이 짱구 투명 케이스 (맥세이 | [판매] 갤럭시 S24 울트라 512GB 듀얼유심 해외폰 블랙 | [판매] Samsung 갤럭시 S25 Ultra 화이트 256GB / 상태 최상 / 풀박스
한정특가,한정특가,3,번개장터:3,아이폰 16:3,[한정특가]아이폰5s 16GB 스페이스 그레이
"미개봉,정품,새상품,삼성케어","미개봉,정품,새상품,삼성케어",3,번개장터:3,갤럭시 s26:2 | 갤럭시 s26 울트라:1,"[미개봉,정품,새상품,삼성케어]갤럭시s26울트라/256GB | [미개봉,정품,새상품,삼성케어]갤럭시S26플러스/256GB | [미개봉,정품,새상품,삼성케어]갤럭시s26/256GB"
"23,24,26,플립7","23,24,26,플립7",3,번개장터:3,갤럭시 s26 울트라:1 | 갤럭시 s26 엣지:1 | 갤럭시 s26:1,"[미사용/새상품]갤럭시S25울트라 재고정리 할인[23,24,26,플립7] | [미사용/새상품]갤럭시S25엣지 재고정리 할인 [23,24,26,플립7] | [미사용/새상품]갤럭시S25플러스 재고정리 할인[23,24,26,플립7]"
"프로상점,대여","프로상점,대여",3,번개장터:3,갤럭시 s26 울트라:2 | 갤럭시 s25 울트라:1,"[프로상점,대여]갤럭시s23울트라 (256/512기가) | [프로상점,대여]갤럭시 s24울트라 (256/512기가) | [프로상점,대여] 갤럭시 s25울트라 512기가"
A등급,A등급,3,번개장터:3,갤럭시 s26 울트라:1 | 갤럭시 s26:1 | 갤럭시 s25:1,[A등급] 갤럭시 S24 울트라 256GB 옐로우 | [A등급] 갤럭시 S25 256GB 그레이 | 갤럭시S24 512GB 실버 [ A등급 ] 케이스 및 필름구성
삼성전자,삼성전자,3,번개장터:3,갤럭시 s25:2 | 갤럭시 s26:1,갤럭시S24/256GB[삼성전자] | [삼성전자]갤럭시S24 마지막 재고정리 S25출시기념 선착이벤트 | [삼성전자]신제품 갤럭시S25/갤럭시S25FE 미개봉/새상품
26만,26만,3,번개장터:3,갤럭시 s26:3,갤럭시 S22 화이트 256GB 판매합니다[26만] | 갤럭시 S22 블랙 256G 판매합니다[26만] | 갤럭시 S22 256GB 퍼플색상 판매합니다[26만]
실속템,실속템,3,번개장터:3,갤럭시 s25 울트라:2 | 갤럭시 s26:1,[실속템]갤럭시S23플러스/S916/256/크림/85211 | [실속템]갤럭시S23울트라/S918/512/그린/85231 | [실속템]갤럭시S24울트라/S928/512/티타늄그레이/84839
미개봉/정품/삼성케어,미개봉/정품/삼성케어,3,번개장터:3,갤럭시 s25:2 | 갤럭시 s25 울트라:1,갤럭시s25울트라[미개봉/정품/삼성케어]1년에 딱한번 갤럭시 저렴한시기 | 갤럭시s25엣지[미개봉/정품/삼성케어]1년에 딱한번 갤럭시 저렴한시기 | 갤럭시s25[미개봉/정품/삼성케어]1년에 딱한번 갤럭시 저렴한시기
98만원,98만원,3,중고나라:3,갤럭시 s25 울트라:3,[98만원] 갤럭시S25울트라 512기가
20272,20272,3,번개장터:3,갤럭시 s25:3,[S급] 갤럭시 S24 512G 그레이 [20272]
80만,80만,3,중고나라:2 | 번개장터:1,갤럭시 s25:3,[80만]갤럭시S25엣지 512기가 무찍힘 무기스 S급 기기입니다
66만,66만,3,중고나라:3,갤럭시 s25:3,[66만]갤럭시S25 네이비 256기가 선물폰 효도폰 자녀폰 | 갤럭시 S25 256G 색상별로 판매합니다[66만]
65만,65만,3,중고나라:3,갤럭시 s25:3,갤럭시 S25 256GB 실버 판매합니다[65만]
"13,14,15,17,프로","13,14,15,17,프로",2,번개장터:2,아이폰 17e:1 | 아이폰 17 프로:1,"[미사용/새상품]아이폰16E 재고정리 할인 [13,14,15,17,프로] | [미사용/새상품] 아이폰16 재고정리 할인 [13,14,15,17,프로]"
일괄,일괄,2,번개장터:2,아이폰 17e:1 | 아이폰 16:1,[일괄] 아이폰 17e / 16e 케이스 아이썸머리 마페아 핑크호피 | [일괄] 아이폰16프로 폰케이스
미개봉/자급제,미개봉/자급제,2,중고나라:2,아이폰 17e:1 | 갤럭시 s26 울트라:1,[미개봉/자급제] 아이폰 17e 256GB 블랙 | [미개봉/자급제] 갤럭시 S26 울트라 512GB 화이트 판매 및 교환
"13,14,15,16","13,14,15,16",2,번개장터:2,아이폰 17 프로 맥스:1 | 아이폰 17 프로:1,"[미사용/새상품]아이폰17프로맥스 재고정리 할인 [13,14,15,16] | [미사용/새상품] 아이폰17프로 재고정리 할인 [13,14,15,16]"
"13,14,15,17","13,14,15,17",2,번개장터:2,아이폰 17 프로 맥스:1 | 아이폰 17 프로:1,"[미사용/새상품]아이폰16프로맥스 재고정리 할인 [13,14,15,17] | [미사용/새상품] 아이폰16프로 재고정리 할인 [13,14,15,17]"
소품용,소품용,2,중고나라:2,아이폰 17 프로 맥스:2,"[소품용] 아이폰17프로,프로맥스 박스"
품번 170,품번 170,2,번개장터:2,아이폰 17 프로:2,배터리90 A+급 아이폰16프로 128G 블랙 [품번 170]
대여,대여,2,번개장터:2,아이폰 17 프로:1 | 아이폰 16:1,[대여] 아이폰17 프로 렌탈 1일 단기 | [대여]아이폰16프로 1일 단기 렌탈 임대 하객 스냅샷 결혼식 촬영
S급/풀박스,S급/풀박스,2,번개장터:2,아이폰 17 프로:1 | 갤럭시 s26 울트라:1,[S급/풀박스] 아이폰 17 프로 블루 티타늄 512GB | [S급/풀박스] 갤럭시 s24울트라 256g
무음,무음,2,번개장터:2,아이폰 17:1 | 아이폰 16:1,[무음] 아이폰 6 골드 16GB (F17S1) | [무음] 아이폰 5S 실버 16GB (F2LNW)
자급제 미사용,자급제 미사용,2,중고나라:2,아이폰 17:1 | 갤럭시 s26 울트라:1,아이폰17 256g 판매합니다. [자급제 미사용] | 갤럭시s26울트라 256g 판매합니다.[자급제 미사용]
미개봉/새상품/정품/애플케어,미개봉/새상품/정품/애플케어,2,번개장터:2,아이폰 16:2,아이폰16e[미개봉/새상품/정품/애플케어]1년에 딱 한번 아이폰저렴한시기 | 아이폰16[미개봉/새상품/정품/애플케어]1년에 딱한번 아이폰 저렴한시기]
새상품/미개봉/정품,새상품/미개봉/정품,2,번개장터:2,아이폰 16:2,[새상품/미개봉/정품]아이폰16프로맥스 | [프로 할인]아이폰16프로[새상품/미개봉/정품]
미개봉/정품/애플케어,미개봉/정품/애플케어,2,번개장터:2,아이폰 16:2,아이폰16프로맥스[미개봉/정품/애플케어]1년에 딱한번 아이폰 저렴한시기] | 아이폰16프로 [미개봉/정품/애플케어]1년에 딱한번 아이폰 저렴한시기]
한정특가|배터리100%,한정특가|배터리100%,2,번개장터:2,아이폰 16:2,[한정특가|배터리100%]아이폰6s 16GB 스페이스 그레이
바로배송,바로배송,2,번개장터:2,아이폰 16:2,[바로배송]아이폰6 16G (3color)실버/스페이스그레이/골드 | [바로배송]아이폰6 16GB (3color) 스그/골드/실버
당일발송|배터리100%,당일발송|배터리100%,2,번개장터:2,아이폰 16:2,[당일발송|배터리100%]아이폰6 16GB 실버 975091 | [당일발송|배터리100%]아이폰6 16GB 스페이스 그레이 420800
품번 203,품번 203,2,번개장터:2,아이폰 16:2,배터리98 A+급 아이폰16e 128G 블랙 [품번 203]
품번 182,품번 182,2,번개장터:2,아이폰 16:2,배터리91 A급 아이폰6 16G 그레이 [품번 182]
792138,792138,2,번개장터:2,아이폰 16:2,[792138] 아이폰6S 16기가 로즈골드 공기계 100% | [792138] 아이폰6S 16기가 로즈골드 카메라 공기계
품번 118,품번 118,2,번개장터:2,아이폰 16:2,배터리99 A+급 아이폰16프로 128G 블랙 [품번 118]
품번 168,품번 168,2,번개장터:2,아이폰 16:2,A+급 아이폰14프로 128G 그레이 [품번 168]
리퍼미사용,리퍼미사용,2,번개장터:1 | 중고나라:1,아이폰 16:2,[리퍼미사용] 아이폰 16 Pro 1TB 블랙 (직거래시 180만원) | [리퍼미사용] 아이폰 16 Pro 1TB 배터리효율 100%
iphone 16 pro max,iphone 16 pro max,2,번개장터:1 | 중고나라:1,아이폰 16:2,아이폰 16프로맥스 1T 화이트 [iphone 16 pro max] | 아이폰 16프로맥스 1T 화이트 새상품! [iphone 16 pro max]
미개봉/새제품,미개봉/새제품,2,번개장터:1 | 중고나라:1,아이폰 16:1 | 갤럭시 s25:1,[미개봉/새제품] 애플 아이폰 16 프로 뉴미셀 코모도 가드 젤리 케이스 | [미개봉/새제품] 갤럭시 S25 256GB 아이스블루 판매합니다 (선약가능/유심기변)
"23,24,25,플립7","23,24,25,플립7",2,번개장터:2,갤럭시 s26 울트라:1 | 갤럭시 s26:1,"[미사용/새상품]갤럭시S26울트라 재고정리 할인[23,24,25,플립7] | [미사용/새상품]갤럭시S26플러스 재고정리 할인[23,24,25,플립7]"
23364,23364,2,번개장터:2,갤럭시 s26 울트라:2,[S급] 갤럭시 S21 울트라 256G 화이트 [23364]
18520,18520,2,번개장터:2,갤럭시 s26 울트라:2,[S급] 갤럭시S21 울트라 256G 블랙 [18520]
갓성비,갓성비,2,번개장터:2,갤럭시 s26 울트라:1 | 갤럭시 s26:1,[갓성비]갤럭시S22울트라/S908/256/버건디/85244 | [갓성비]갤럭시S24/S921/256/코발트바이올렛/85248
직선호 서울 강서 전체,직선호 서울 강서 전체,2,번개장터:1 | 중고나라:1,갤럭시 s26 울트라:2,갤럭시S26울트라 512g 기격인하x [직선호 서울 강서 전체] | 갤럭시S26울트라 512GB 가격인하x [직선호 서울 강서 전체]
"S23,24,25,26","S23,24,25,26",2,번개장터:2,갤럭시 s26:2,"[미사용/새상품] 갤럭시Z폴드7 재고정리 할인 [S23,24,25,26] | [미사용/새상품] 갤럭시Z플립7 재고정리 할인 [S23,24,25,26]"
품번 207,품번 207,2,번개장터:2,갤럭시 s26:2,A급 갤럭시S22 5G 256G 화이트 [품번 207]
품번 074,품번 074,2,번개장터:2,갤럭시 s26:2,A+급 갤럭시S22 5G 256G 화이트 [품번 074]
품번 196,품번 196,2,번개장터:2,갤럭시 s26:2,A+급 갤럭시S22 5G 256G 화이트 [품번 196]
품번 144,품번 144,2,번개장터:2,갤럭시 s26:2,A+급 갤럭시S24 5G 256G 블랙 [품번 144]
품번 130,품번 130,2,번개장터:2,갤럭시 s26:2,A+급 갤럭시S21 5G 256G 퍼플 [품번 130]
품번 155,품번 155,2,번개장터:2,갤럭시 s26:2,A+급 갤럭시S24 5G 256G 옐로우 [품번 155]
품번 176,품번 176,2,번개장터:2,갤럭시 s26:2,A+급 갤럭시S22 5G 256G 그린 [품번 176]
품번 034,품번 034,2,번개장터:2,갤럭시 s26:2,A+급 갤럭시S23 5G 256G 블랙 [품번 034]
품번 199,품번 199,2,번개장터:2,갤럭시 s26:2,자급제 A+급 갤럭시S23 5G 256G 크림 [품번 199]
품번 180,품번 180,2,번개장터:2,갤럭시 s26:2,A급 갤럭시S22 5G 256G 블랙 [품번 180]
품번 149,품번 149,2,번개장터:2,갤럭시 s26:2,A+급 갤럭시S23 5G 256G 그린 [품번 149]
품번 121,품번 121,2,번개장터:2,갤럭시 s26:2,A급 갤럭시S22 5G 256G 핑크 [품번 121]
23462,23462,2,번개장터:2,갤럭시 s26:2,[S급] 갤럭시 S23 256G 크림 [23462]
22116,22116,2,번개장터:2,갤럭시 s26:2,[A+급] 갤럭시 S20 플러스 256G 레드 [22116]
19237,19237,2,번개장터:2,갤럭시 s26:2,[S급] 갤럭시 S23 256G 핑크 [19237]
24709,24709,2,번개장터:2,갤럭시 s26:2,[S급] 갤럭시 S21 256G 화이트 [24709]
19495,19495,2,번개장터:2,갤럭시 s26:2,[A+급] 갤럭시 S23 플러스 256G 블랙 [19495]
19082,19082,2,번개장터:2,갤럭시 s26:2,[S급] 갤럭시 S24 256G 옐로우 [19082]
36만,36만,2,번개장터:2,갤럭시 s26:2,[36만]갤럭시 S23 256GB 블랙 판매합니다 | 갤럭시 S23 256GB 크림 판매합니다[36만]
혜자템,혜자템,2,번개장터:2,갤럭시 s26:1 | 갤럭시 s25 울트라:1,[혜자템]갤럭시S23FE/S711/256/퍼플/85224 | [혜자템]갤럭시S24울트라/S928/512/티타늄그레이/85259
새상품/완납폰,새상품/완납폰,2,번개장터:2,갤럭시 s25 플러스:1 | 갤럭시 s25:1,[새상품/완납폰]갤럭시S25/S25플러스/S25울트라 쓰던 유심 그대로 | [새상품/완납폰]갤럭시S25FE 알뜰/정규 통신사 관계없이 구매가능
78만,78만,2,중고나라:2,갤럭시 s25 플러스:2,[78만]갤럭시 S25플러스 무잔상무기스 S급 네이비 512기가
512기가,512기가,2,중고나라:2,갤럭시 s25:2,[72만]S급 업무용 갤럭시S25 [512기가]
256기가,256기가,2,중고나라:2,갤럭시 s25:2,[68만]S급 업무용 갤럭시S25 [256기가]
"미개봉,정품,새상품,애플케어","미개봉,정품,새상품,애플케어",1,번개장터:1,아이폰 17e:1,"[미개봉,정품,새상품,애플케어]아이폰17e/256GB"
"미개봉,새상품,정품,애플케어","미개봉,새상품,정품,애플케어",1,번개장터:1,아이폰 17e:1,"[미개봉,새상품,정품,애플케어]아이폰17e/256GB"
미개봉/정품/새상품,미개봉/정품/새상품,1,번개장터:1,아이폰 17e:1,아이폰17e[미개봉/정품/새상품]
아이폰17 케이스,아이폰17 케이스,1,번개장터:1,아이폰 17e:1,[아이폰17 케이스] 산사 Afternoon Leaf 에폭시 범퍼 케이스
iphone 17 pro max,iphone 17 pro max,1,번개장터:1,아이폰 17e:1,[iphone 17 pro max] skylrk case
배터리 사이클 1,배터리 사이클 1,1,번개장터:1,아이폰 17e:1,[배터리 사이클 1 ] 아이폰 17E 핑크 256기가
83만,83만,1,중고나라:1,아이폰 17e:1,[83만]아이폰17E 단순개봉 성능100%아이폰17E 싸이클15회 256기가
경기~서울/타지역O,경기~서울/타지역O,1,번개장터:1,아이폰 17 프로 맥스:1,"[경기~서울/타지역O]아이폰17프로, 아이폰17프로맥스 등 비싸게 구입"
아이폰 17프로 맥스,아이폰 17프로 맥스,1,번개장터:1,아이폰 17 프로 맥스:1,[아이폰 17프로 맥스] 케이스티파이 뚜비 케이스
중고,중고,1,중고나라:1,아이폰 17 프로 맥스:1,[중고] SMALLRIG IPHONE 17 PRO MAX DUAL HANDHELD KIT
"13,14,15,17프로","13,14,15,17프로",1,번개장터:1,아이폰 17 프로:1,"[미사용/새상품]아이폰16플러스 재고정리 할인[13,14,15,17프로]"
"13,14,16,17","13,14,16,17",1,번개장터:1,아이폰 17 프로:1,"[미사용/새상품] 아이폰15프로 재고정리 할인 [13,14,16,17]"
"13,14,16,17,프로","13,14,16,17,프로",1,번개장터:1,아이폰 17 프로:1,"[미사용/새상품] 아이폰15 재고정리 할인 [13,14,16,17,프로]"
A급/풀박스,A급/풀박스,1,번개장터:1,아이폰 17 프로:1,[A급/풀박스] 아이폰 17 프로  512GB 판매 (배터리 100%)
당일발송/할인상품,당일발송/할인상품,1,번개장터:1,아이폰 17:1,[당일발송/할인상품]아이폰7 32GB 실버 381735
381917,381917,1,번개장터:1,아이폰 17:1,[381917] 아이폰6S 로즈골드 64기가 가성비 공기계
179519,179519,1,번개장터:1,아이폰 17:1,[179519] 아이폰XS MAX 64기가 그레이 공기계
558017,558017,1,번개장터:1,아이폰 17:1,[558017] 아이폰7 32기가 블랙 공기계 판매 100%
341770,341770,1,번개장터:1,아이폰 17:1,[341770] 아이폰7플러스 32기가 93% 블랙 공기계
171591,171591,1,번개장터:1,아이폰 17:1,[171591] 아이폰7플러스 128기가 매트블랙 공기계 카메라
641711,641711,1,번개장터:1,아이폰 17:1,[641711] 최고등급 아이폰7플러스 128기가 로즈골드 공기계
969178,969178,1,번개장터:1,아이폰 17:1,[969178] 아이폰6S 64기가 로즈골드 공기계 판매
821770,821770,1,번개장터:1,아이폰 17:1,[821770] 아이폰6S 64기가 그레이 공기계 100%
인터넷보다 싼,인터넷보다 싼,1,번개장터:1,아이폰 17:1,"[인터넷보다 싼] 아이폰 17 케이스, 벨킨 디즈니 스티치"
74978,74978,1,번개장터:1,아이폰 17:1,@배터리99@ 아이폰 17 256GB 퍼플 [74978]
번개페이,번개페이,1,번개장터:1,아이폰 17:1,[번개페이]아이폰17 라벤더 256 풀박스 + 애케플 애플케어
ios17.7,ios17.7,1,번개장터:1,아이폰 17:1,[ios17.7]아이폰 Xs Max 골드 256기가+케이스5종+보호필름
아이폰17,아이폰17,1,번개장터:1,아이폰 17:1,[아이폰17]  애플 로고 실리콘 케이스 화이트
판매완료,판매완료,1,번개장터:1,아이폰 17:1,[판매완료] 자급제 아이폰17 256 화이트 풀박스
17개,17개,1,번개장터:1,아이폰 17:1,"[17개] 애플박스 일괄 (아이폰17,아이폰,에어팟,맥북,아이패드)"
"월56,500원","월56,500원",1,번개장터:1,아이폰 17:1,"[월56,500원] 미개봉 아이폰17 렌탈/할부 서비스!!"
75170,75170,1,번개장터:1,아이폰 17:1,@배터리84@ 아이폰 13 256GB 블랙 [75170]
품번 178,품번 178,1,번개장터:1,아이폰 17:1,S급같은 A+급 아이폰13미니 128G 핑크 [품번 178]
품번 179,품번 179,1,번개장터:1,아이폰 17:1,A+급 아이폰14 128G 퍼플 [품번 179]
배터리100,배터리100,1,번개장터:1,아이폰 17:1,[배터리100] S급 아이폰 17 에어 화이트 512GB 풀박스
택포,택포,1,중고나라:1,아이폰 17:1,"[택포] 애플 C to C 케이블, 아이폰17 케이스, 그립톡 묶음"
화이트/블랙,화이트/블랙,1,번개장터:1,아이폰 16:1,아이폰16E[화이트/블랙]미개봉 정품/새상품(256기가  가능합니다)
미사용/풀박스,미사용/풀박스,1,번개장터:1,아이폰 16:1,[미사용/풀박스]아이폰16프로 모음
새상품/완납폰/제휴카드X,새상품/완납폰/제휴카드X,1,번개장터:1,아이폰 16:1,[새상품/완납폰/제휴카드X]아이폰16E 쓰던 유심 그대로 교체
당일출고,당일출고,1,번개장터:1,아이폰 16:1,[당일출고] s급 아이폰6s 16GB 스페이스그레이
국내당일발송,국내당일발송,1,번개장터:1,아이폰 16:1,[국내당일발송] 아이폰6S 16G 32GB 64GB 128GB
완납폰,완납폰,1,번개장터:1,아이폰 16:1,[완납폰]아이폰16[E/일반/플러스/프로/프로맥스]쓰던 유심 그대로 교체
E/일반/플러스/프로/프로맥스,E/일반/플러스/프로/프로맥스,1,번개장터:1,아이폰 16:1,[완납폰]아이폰16[E/일반/플러스/프로/프로맥스]쓰던 유심 그대로 교체
SS급/당일발송,SS급/당일발송,1,번개장터:1,아이폰 16:1,[SS급/당일발송] 아이폰6 16GB 실버/스페이스그레이
아이폰16/새상품/전색상입고,아이폰16/새상품/전색상입고,1,번개장터:1,아이폰 16:1,[아이폰16/새상품/전색상입고]
미사용/정품/새상품,미사용/정품/새상품,1,번개장터:1,아이폰 16:1,아이폰16플러스[미사용/정품/새상품]apple care+
프로 할인,프로 할인,1,번개장터:1,아이폰 16:1,[프로 할인]아이폰16프로[새상품/미개봉/정품]
아이폰16플러스,아이폰16플러스,1,번개장터:1,아이폰 16:1,[아이폰16플러스]전색상보유/새상품/미사용/미개봉/안전결제/실시간 리뷰확
공구모집,공구모집,1,번개장터:1,아이폰 16:1,[공구모집]아이폰16 미사용 정품 선착 한정특가 판매
애플기획전,애플기획전,1,번개장터:1,아이폰 16:1,[애플기획전]아이폰16/16플러스 일반 미사용제품 선착30명 특가판매
11회차 재입고,11회차 재입고,1,번개장터:1,아이폰 16:1,[11회차 재입고]아이폰16프로맥스/16프로 미개봉 새상품 특가할인
Apple정품,Apple정품,1,번개장터:1,아이폰 16:1,[Apple정품]아이폰16프로 미개봉상품
19차재입고,19차재입고,1,번개장터:1,아이폰 16:1,[19차재입고]아이폰16프로 특가 판매
미개봉/전색상/Apple,미개봉/전색상/Apple,1,번개장터:1,아이폰 16:1,[미개봉/전색상/Apple]아이폰16일반/아이폰16플러스
256기가/전색상입고/새상품/미개봉/정품/애플코리아,256기가/전색상입고/새상품/미개봉/정품/애플코리아,1,번개장터:1,아이폰 16:1,아이폰16E[256기가/전색상입고/새상품/미개봉/정품/애플코리아]
Lgu+,Lgu+,1,번개장터:1,아이폰 16:1,[Lgu+]아이폰16프로맥스256기가[새상품/미개봉/정품/애케플]
25년 미사용제품특가,25년 미사용제품특가,1,번개장터:1,아이폰 16:1,[25년 미사용제품특가]아이폰16 일반 가성비제품 전색상 재입고 리뷰확인
Apple 마켓,Apple 마켓,1,번개장터:1,아이폰 16:1,[Apple 마켓]아이폰16프로 9차 재입고
특가할인/당일발송,특가할인/당일발송,1,번개장터:1,아이폰 16:1,[특가할인/당일발송] 아이폰5~8 16GB~128GB (7color)
SS급/배터리100%,SS급/배터리100%,1,번개장터:1,아이폰 16:1,[SS급/배터리100%] 아이폰6 16GB 실버/스페이스그레이
알뜰폰,알뜰폰,1,번개장터:1,아이폰 16:1,[알뜰폰]아이폰16프로맥스256기가 [새상품/미개봉/정품/애케플]
S급|소량입고,S급|소량입고,1,번개장터:1,아이폰 16:1,[S급|소량입고]아이폰6s 16GB / 스페이스그레이
새상품 풀박스,새상품 풀박스,1,번개장터:1,아이폰 16:1,[새상품 풀박스]정가8.3 아이폰 16pro 케이스티파이 맥세이프 케이스
소량입고,소량입고,1,번개장터:1,아이폰 16:1,[소량입고]아이폰6s 16GB/32GB/128GB
A급/ 단품,A급/ 단품,1,번개장터:1,아이폰 16:1,[A급/ 단품] 애플 아이폰6S플러스 골드판매합니다.
단순개봉 새상품,단순개봉 새상품,1,번개장터:1,아이폰 16:1,[단순개봉 새상품] 아이폰16프로 256GB 자급제 판매
1M,1M,1,번개장터:1,아이폰 16:1,"[1M]애플정품 60W케이블, 아이폰16케이블,아이패드,맥북케이블"
전색상/미개봉/새상품/애플정품,전색상/미개봉/새상품/애플정품,1,번개장터:1,아이폰 16:1,[KT]아이폰16프로[전색상/미개봉/새상품/애플정품]
그래그,그래그,1,번개장터:1,아이폰 16:1,[그래그] 리본 아이폰 16프로 케이스
상태 좋음,상태 좋음,1,번개장터:1,아이폰 16:1,"[상태 좋음] 아이폰 5c 전색상 판매 8기가,16기가,32기가"
미개봉 새제품,미개봉 새제품,1,번개장터:1,아이폰 16:1,[미개봉 새제품] 케이스티파이 아이폰 16프로맥스 페리윙클 리플케이스
016963,016963,1,번개장터:1,아이폰 16:1,[016963] 아이폰X 64기가 그레이 공기계 판매
271623,271623,1,번개장터:1,아이폰 16:1,[271623] 아이폰6플러스 16기가 골드 공기계 판매
977664,977664,1,번개장터:1,아이폰 16:1,[977664] 아이폰6S 16기가 골드 공기계 99%
516433,516433,1,번개장터:1,아이폰 16:1,[516433] 아이폰7 32기가 블랙 공기계 100%
468844,468844,1,번개장터:1,아이폰 16:1,[468844] 아이폰6S 16기가 로즈골드 공기계 판매
186716,186716,1,번개장터:1,아이폰 16:1,[186716] 아이폰8플러스 64기가 실버 공기계 판매
284996,284996,1,번개장터:1,아이폰 16:1,[284996] 아이폰6 16기가 골드 공기계 판매
554550,554550,1,번개장터:1,아이폰 16:1,[554550] 아이폰6S플러스 16기가 골드 저렴하게 판매
143553,143553,1,번개장터:1,아이폰 16:1,[143553] 아이폰6S 16기가 골드 가성비 공기계
585062,585062,1,번개장터:1,아이폰 16:1,[585062] 아이폰6S 16기가 로즈골드 공기계 깔끔 100%
581658,581658,1,번개장터:1,아이폰 16:1,[581658] 아이폰8플러스 64기가 골드 공기계 100%
051521,051521,1,번개장터:1,아이폰 16:1,[051521] 아이폰6S 실버 16기가 공기계 판매
한정판S2,한정판S2,1,번개장터:1,아이폰 16:1,[한정판S2]케이스티파이X짱구 오프라인 케이스 아이폰16플러스
75191,75191,1,번개장터:1,아이폰 16:1,@배터리88@ 아이폰 16 256GB 블랙 [75191]
74897,74897,1,번개장터:1,아이폰 16:1,@배터리92@ 아이폰 16프로 128GB 데저트 [74897]
아이폰 16프로,아이폰 16프로,1,번개장터:1,아이폰 16:1,[아이폰 16프로] 어반소피스티케이션 발레리나
"폰고|월56,500원","폰고|월56,500원",1,번개장터:1,아이폰 16:1,"[폰고|월56,500원] 아이폰16프로 렌탈/할부 서비스!!"
미사용품,미사용품,1,번개장터:1,아이폰 16:1,아이폰 16 Plus 페스티버 맥세이프 팬텀케이스[미사용품]
아이폰 16,아이폰 16,1,번개장터:1,아이폰 16:1,[아이폰 16] 어반소피스티케이션 발레리나 20B
S등급,S등급,1,번개장터:1,아이폰 16:1,[S등급] 아이폰 16프로 256GB 내추럴티타늄
84만,84만,1,번개장터:1,아이폰 16:1,[84만]풀박스 자급제 아이폰16E베터리성능100% 512기가
교환,교환,1,번개장터:1,아이폰 16:1,[교환] 아이폰16 프로 네추럴티타늄 256g 교신합니다
아이폰16프로,아이폰16프로,1,번개장터:1,아이폰 16:1,[아이폰16프로] 새제품_ 아이폰케이스
국내 최저가,국내 최저가,1,번개장터:1,아이폰 16:1,[국내 최저가] 아이폰se1 16gb 32gb 64gb 128gb
MA7D4FE/A,MA7D4FE/A,1,중고나라:1,아이폰 16:1,아이폰16 플러스 애플 정품 맥세이프 투명 케이스 [MA7D4FE/A]
MYY93FE/A,MYY93FE/A,1,중고나라:1,아이폰 16:1,아이폰16 플러스 애플 정품 실리콘 케이스 블랙 [MYY93FE/A]
풀세트/역대급구성,풀세트/역대급구성,1,중고나라:1,아이폰 16:1,[풀세트/역대급구성] 아이폰 16 Pro Max 1TB + 애플워치울트라2 + 에어팟4 + 에어태그 2개
외관 깔끔,외관 깔끔,1,중고나라:1,아이폰 16:1,[외관 깔끔] 아이폰 16프로 스페이스 그레이 128gb
"미개봉,정품,삼성케어","미개봉,정품,삼성케어",1,번개장터:1,갤럭시 s26 울트라:1,"[미개봉,정품,삼성케어]갤럭시s26/갤럭시s26플러스/갤럭시s26울트라"
대구,대구,1,번개장터:1,갤럭시 s26 울트라:1,[대구] 갤럭시 S26울트라 512GB 미개봉 자급제 카드결제o
잔상 없음,잔상 없음,1,번개장터:1,갤럭시 s26 울트라:1,[잔상 없음] 갤럭시S22울트라 256기가 부산중고폰 01697명지 울산
75183,75183,1,번개장터:1,갤럭시 s26 울트라:1,갤럭시 S22 울트라 256GB 버건디  [75183]
대전/자급제/미개봉,대전/자급제/미개봉,1,번개장터:1,갤럭시 s26 울트라:1,[대전/자급제/미개봉] 갤럭시S26울트라 512G 새상품 판매
75157,75157,1,번개장터:1,갤럭시 s26 울트라:1,갤럭시 S23 울트라 256GB 라벤더 [75157]
75161,75161,1,번개장터:1,갤럭시 s26 울트라:1,갤럭시 S25 울트라 256GB 그레이 [75161]
75316,75316,1,번개장터:1,갤럭시 s26 울트라:1,갤럭시 S23 울트라 256GB 그린 [75316]
자급제X/마지막재고,자급제X/마지막재고,1,번개장터:1,갤럭시 s26:1,[자급제X/마지막재고]갤럭시S24 [256GB]
KT기기변경 마지막재고,KT기기변경 마지막재고,1,번개장터:1,갤럭시 s26:1,[KT기기변경 마지막재고]갤럭시S24플러스 [256GB]
"23,24,26,Z플립7","23,24,26,Z플립7",1,번개장터:1,갤럭시 s26:1,"[미사용/새상품] 갤럭시S25 재고정리 할인 [23,24,26,Z플립7]"
"23,24,25,Z플립7","23,24,25,Z플립7",1,번개장터:1,갤럭시 s26:1,"[미사용/새상품] 갤럭시S26 재고정리 할인 [23,24,25,Z플립7]"
급처,급처,1,번개장터:1,갤럭시 s26:1,[급처] 갤럭시 S23 256 블랙
75426,75426,1,번개장터:1,갤럭시 s26:1,갤럭시 S24 512GB 퍼플 [75426]
74275,74275,1,번개장터:1,갤럭시 s26:1,갤럭시 S24 플러스 256GB 퍼플 [74275]
75129,75129,1,번개장터:1,갤럭시 s26:1,갤럭시 S24 FE 256GB 실버 [75129]
74785,74785,1,번개장터:1,갤럭시 s26:1,갤럭시 S23 FE 256GB 민트 [74785]
75440,75440,1,번개장터:1,갤럭시 s26:1,갤럭시 S25 256GB 블루 [75440]
75436,75436,1,번개장터:1,갤럭시 s26:1,갤럭시 S25 플러스 256GB 블루 [75436]
75337,75337,1,번개장터:1,갤럭시 s26:1,갤럭시 S23 플러스 256GB 화이트 [75337]
75394,75394,1,번개장터:1,갤럭시 s26:1,갤럭시 S25 256GB 그레이 [75394]
75196,75196,1,번개장터:1,갤럭시 s26:1,갤럭시 S25 256GB 민트 [75196]
26,26,1,번개장터:1,갤럭시 s26:1,갤럭시 S22퍼플 256GB [26]
75169,75169,1,번개장터:1,갤럭시 s26:1,갤럭시 S24 256GB 옐로우 [75169]
75118,75118,1,번개장터:1,갤럭시 s26:1,갤럭시 S23 256GB 블랙 [75118]
74915,74915,1,번개장터:1,갤럭시 s26:1,갤럭시 S23 FE 256GB 퍼플 [74915]
37만,37만,1,번개장터:1,갤럭시 s26:1,[37만]갤럭시S23_256GB 선물폰 학생폰 세컨폰 업무폰
25만,25만,1,번개장터:1,갤럭시 s26:1,[25만]갤럭시S22 전색상 256GB 세컨폰 학생폰 효도폰 업무폰
"미개봉,새상퓸","미개봉,새상퓸",1,번개장터:1,갤럭시 s26:1,"[미개봉,새상퓸]갤럭시 S26 256GB"
75309,75309,1,번개장터:1,갤럭시 s26:1,갤럭시 S25 FE 256GB 스카이블루 [75309]
75323,75323,1,번개장터:1,갤럭시 s26:1,갤럭시 S25 256GB 민트 [75323]
품번 198,품번 198,1,번개장터:1,갤럭시 s26:1,A급 갤럭시S22플러스 5G 256G 블랙 [품번 198]
품번 197,품번 197,1,번개장터:1,갤럭시 s26:1,A급 갤럭시S22플러스 5G 256G 그린 [품번 197]
품번 181,품번 181,1,번개장터:1,갤럭시 s26:1,A+급 갤럭시S22플러스 5G 256G 블랙 [품번 181]
SS급/새상품급,SS급/새상품급,1,번개장터:1,갤럭시 s26:1,[SS급/새상품급] 갤럭시 S23 FE 256GB 민트
99만,99만,1,번개장터:1,갤럭시 s26:1,[99만]갤럭시 S26 512G 화이트 새상품급 판매합니다
61만,61만,1,번개장터:1,갤럭시 s26:1,갤럭시 S25_256G 공기계 판매 합니다. [61만]
00848,00848,1,번개장터:1,갤럭시 s26:1,[00848] 갤럭시S25 256GB 블루쉐도우 가성비특가 리퍼급
직26,직26,1,번개장터:1,갤럭시 s26:1,갤럭시S22 화이트 [직26]
64만,64만,1,번개장터:1,갤럭시 s26:1,갤럭시 S25 256G 실버 판매합니다 [64만]
품번 157,품번 157,1,번개장터:1,갤럭시 s26:1,자급제 S급 갤럭시S24플러스 5G 256G 실버 [품번 157]
38만,38만,1,번개장터:1,갤럭시 s26:1,갤럭시 S23 256GB 크림 판매합니다[38만]
꿀픽,꿀픽,1,번개장터:1,갤럭시 s26:1,[꿀픽]갤럭시S24FE/S721/256/블루/85223
새 상품급,새 상품급,1,중고나라:1,갤럭시 s26:1,[새 상품급] 갤럭시 S26 256기가 자급제 풀박스
삼성전자/미개봉/특가,삼성전자/미개봉/특가,1,번개장터:1,갤럭시 s25 플러스:1,[삼성전자/미개봉/특가]갤럭시S25플러스
케이스티파이,케이스티파이,1,번개장터:1,갤럭시 s25 플러스:1,[케이스티파이] 갤럭시 s25 플러스 케이스 (맥세이프 임팩트 케이스)
75435,75435,1,번개장터:1,갤럭시 s25 플러스:1,갤럭시 S25 플러스 512GB 그레이 [75435]
거래완료,거래완료,1,번개장터:1,갤럭시 s25 플러스:1,[거래완료]갤럭시 S25 플러스 512 네이비블루 정품 실리콘 케이스
27만,27만,1,번개장터:1,갤럭시 s25 플러스:1,[27만]갤럭시S22플러스  512GB 세컨폰 학생폰 효도폰 업무폰
54만,54만,1,번개장터:1,갤럭시 s25 플러스:1,갤럭시 S24플러스 512GB 대용량 판매합니다[54만]
올갈이 민트급,올갈이 민트급,1,중고나라:1,갤럭시 s25 플러스:1,[올갈이 민트급] 삼성 갤럭시 s25 플러스 s25+ 512GB 아이스블루 풀박스
삼성전자 정품,삼성전자 정품,1,번개장터:1,갤럭시 s25 울트라:1,[삼성전자 정품]갤럭시S25울트라 전색상 특가
삼성전자/정품,삼성전자/정품,1,번개장터:1,갤럭시 s25 울트라:1,[삼성전자/정품]갤럭시S25울트라 미개봉 신제품 새상품
삼성전자 새상품,삼성전자 새상품,1,번개장터:1,갤럭시 s25 울트라:1,[제휴카드]갤럭시S25 울트라[삼성전자 새상품]
B등급,B등급,1,번개장터:1,갤럭시 s25 울트라:1,[B등급] 갤럭시 S25 울트라 512GB 실버
SSS급/자급제,SSS급/자급제,1,중고나라:1,갤럭시 s25 울트라:1,[SSS급/자급제] 갤럭시 S25 울트라 512 실버블루
S급 올수리 후 미사용,S급 올수리 후 미사용,1,중고나라:1,갤럭시 s25 울트라:1,갤럭시s25울트라 512g 판매합니다.[S급 올수리 후 미사용]
서울,서울,1,중고나라:1,갤럭시 s25 울트라:1,[서울] 갤럭시 S25 울트라 1TB 티타늄 제이드그린 자급제 공기계 특 A급 삼케플 양도 가능 선약 가능
삼성정품,삼성정품,1,중고나라:1,갤럭시 s25 울트라:1,[삼성정품] 갤럭시 S25 울트라 S펜 (호환품아닌 정품)
미사용,미사용,1,중고나라:1,갤럭시 s25 울트라:1,갤럭시S25울트라 실리콘케이스 삼성정품[미사용]
삼성케어/미개봉/정품,삼성케어/미개봉/정품,1,번개장터:1,갤럭시 s25:1,갤럭시S25엣지/갤럭시S25Edge[삼성케어/미개봉/정품]
미개봉/삼성전자,미개봉/삼성전자,1,번개장터:1,갤럭시 s25:1,[미개봉/삼성전자]갤럭시S25 일반
75192,75192,1,번개장터:1,갤럭시 s25:1,갤럭시 S23 512GB 라벤더 [75192]
박스폰,박스폰,1,번개장터:1,갤럭시 s25:1,[박스폰] SHW-M250K 갤럭시S2 옛날구형스마트폰 KT용
KT용/삼성/갤럭시S2/화이트,KT용/삼성/갤럭시S2/화이트,1,번개장터:1,갤럭시 s25:1,[KT용/삼성/갤럭시S2/화이트] 옛날구형 스마트폰 SHW-M250K
75134,75134,1,번개장터:1,갤럭시 s25:1,갤럭시 S23 512GB 블랙 [75134]
신품급풀박스+케이스증정,신품급풀박스+케이스증정,1,번개장터:1,갤럭시 s25:1,[신품급풀박스+케이스증정] SK용 갤럭시S2 SHW-M250S
갤럭시S25,갤럭시S25,1,번개장터:1,갤럭시 s25:1,[갤럭시S25] 노스필드 악기;예배의 도구 기타 케이스(실버 맥세이프)
"미개봉,마지막 가격인하","미개봉,마지막 가격인하",1,번개장터:1,갤럭시 s25:1,"[미개봉,마지막 가격인하]귀멸의 칼날 시노부 갤럭시s25U 핸드폰 케이스"
신품급,신품급,1,중고나라:1,갤럭시 s25:1,[신품급] 갤럭시 S25 민트 SKT 256GB
74만,74만,1,중고나라:1,갤럭시 s25:1,[74만]업무용S급 갤럭시S25엣지 256블랙
73만,73만,1,중고나라:1,갤럭시 s25:1,[73만]S급 갤럭시S25엣지 256기가 럭셔리폰
